,id,is_claimed,is_closed,review_count,rating,Pickup Available,Delivery Available,Reservation Available,Price Level,number of photos,City,State,Opening Time,Closing Time,Has Messaging
0,9VqZZiaiyGH_6smpvUKaQQ,True,False,127,4.5,0,0,0,Medium,3,Aubrey,TX,0700,2100,0
1,dPaJzxW0foPByEXbPFkh_Q,True,False,141,4.0,1,1,0,Medium,3,Aubrey,TX,1100,2130,0
2,RhL6hXqiz_nMz06Xx7tBcg,True,False,8,4.5,1,1,0,,3,East Aubrey,TX,1500,2100,0
3,yawhLqszfIp9q1aGNdLoig,True,False,23,4.5,1,1,0,Medium,3,Aubrey,TX,1100,1800,0
4,g_XBHNmwfPUOI4qE_bBgPQ,True,False,83,3.0,1,1,0,,3,Aubrey,TX,1100,1430,1
5,n9xpJEWHDFXu5AdrOWBILQ,True,False,8,3.5,0,0,0,,3,Aubrey,TX,1400,2000,1
6,amB9cpkO5890MXGctomQ9A,True,False,178,3.5,1,1,0,Medium,3,Aubrey,TX,1100,2100,0
7,6OKBmFJjhrfUx_lkaZK9Kg,True,False,14,3.5,0,0,0,,3,Aubrey,TX,1030,2200,0
8,kXFTbwklmU1HUx3fNkxXRA,True,False,69,4.5,1,1,0,,3,Aubrey,TX,1100,2000,1
9,mtFwCHKKM42nVSyCCBiM5g,False,False,35,1.0,0,1,0,,3,Aubrey,TX,0900,2200,0
10,o_g-vMKxSFZRUPicjN5s_Q,True,False,38,1.5,0,0,0,Low,3,Aubrey,TX,0600,2300,1
11,bFh_LbztghTbxrMkW7pXxA,True,False,23,3.5,1,1,0,Low,3,Little Elm,TX,0900,2200,1
12,zc0GVHpSDrwZYBH5imO6Eg,True,False,1,5.0,0,0,0,Low,0,Savannah,TX,,,0
13,yOQAuEsb5GHAkjXV0M-fFw,True,False,78,4.0,0,0,0,Medium,3,Aubrey,TX,0700,1500,0
14,3laIllEuWvKpxBMLEIQlyQ,True,False,50,4.0,0,0,0,,3,Aubrey,TX,1100,2130,0
15,Qkudr-NkuPleXeMACLYSFA,True,False,10,2.5,1,1,0,,3,Aubrey,TX,1030,2200,1
16,bhW7ow0fWVXAJCTu5VW_jQ,False,False,2,5.0,0,0,0,,3,Denton,TX,,,0
17,OVA6yAnz-t2plf10rV0IYg,True,False,25,4.0,1,1,0,,3,Frisco,TX,1045,2100,0
18,MvXyh0R1GI74GiDga517jA,True,False,190,4.5,1,1,0,Low,3,Prosper,TX,1100,2100,0
19,jiJ3Nq9IbtrDkn8EOhE-8A,True,False,51,2.5,1,1,0,Medium,3,Frisco,TX,1100,0000,1
20,Zgf-GnxkN3pmv033YRzpcw,True,False,17,3.0,1,1,0,,3,Frisco,TX,1100,2000,0
21,PSdYVsopHU2UiHQaWi9tTw,True,False,168,4.0,1,1,0,Medium,3,Prosper,TX,1030,2200,0
22,BzTiOG1rKflwZnioC0d5hQ,True,False,58,1.5,0,0,0,,3,Prosper,TX,1100,0000,0
23,Q2z6-am58t-h9fi_ZCky_A,True,False,19,3.5,0,1,0,,3,Prosper,TX,1000,2300,0
24,Xbu1z0g2kqrmJSHYliIYeA,True,False,61,2.0,0,1,0,,3,Prosper,TX,1000,1500,1
25,HUcWNv2vGkOBctVg6ZtG7g,True,False,33,4.5,1,1,0,,3,Frisco,TX,1000,2100,0
26,6gc2Of2_XRiEh9zL68tJfw,True,False,58,1.5,1,1,0,Medium,3,Frisco,TX,0600,0000,1
27,CIQbbv3pClkStU3dqhfbKg,True,False,25,2.5,0,1,0,Low,3,Prosper,TX,0000,0000,0
28,cGkbxAlTLBBwWV5-6Ou4Fg,True,False,22,2.0,1,1,0,Low,3,Prosper,TX,0900,2200,0
29,lLys8FLpQw7m2McQjXECMw,True,False,45,3.5,0,0,0,,3,Frisco,TX,1000,2200,0
30,mNjBgjdHxbhUpZRJlPN8Tw,True,False,15,4.5,1,1,0,,3,Prosper,TX,0830,1630,1
31,bjf_GqoEITM8KXhR5C7Q4g,True,False,84,2.0,1,1,0,,3,Prosper,TX,0700,2200,0
32,MxFpXpXgO8VaNoBT3Vs4hw,True,False,48,2.0,0,1,0,,3,Prosper,TX,0600,2200,0
33,UODnlRa6KH_sg2h87itk5Q,False,False,70,1.5,0,1,0,,3,Prosper,TX,,,0
34,rqqxKB_xqy2Jif2TpDlomw,True,False,1,1.0,0,0,0,,3,Frisco,TX,0800,0100,0
35,ODbbhY_o8aNwdv-_PUFZpg,False,False,29,2.5,1,1,0,,3,Prosper,TX,,,0
36,KPOVqP2NifV_iDKUiYxbDg,True,False,30,3.0,0,0,0,,3,Prosper,TX,1100,0000,0
37,S9_I5wQG_eIyXUx6kiRbIw,True,False,112,4.0,0,1,0,Medium,3,Prosper,TX,1600,2200,0
38,87wqbVMYCSJVPqIqI9dRrA,False,False,243,4.5,0,1,0,Medium,3,Prosper,TX,1100,1500,0
39,a2DhMIpjTKVS8PZ_wTj6Wg,True,False,223,3.5,0,0,0,Medium,3,Prosper,TX,1500,2200,0
40,8jMd6HuRUNXWxC9XmMmgVw,True,False,33,3.0,0,0,0,Medium,3,Prosper,TX,1100,2100,0
41,dAQ2Jfq0SPMFSgvmC9rXMw,True,False,182,4.0,1,1,0,Medium,3,Prosper,TX,1100,2200,0
42,fhG2Xdg2Zl58kzox2AmNCg,True,False,79,3.0,0,0,0,Medium,3,Prosper,TX,1100,2200,0
43,SNHOYL6JEXEiL_ORK2IRfQ,True,False,103,3.0,0,0,0,,3,Prosper,TX,0700,1430,0
44,RvVX5URUKXSHQ_iJe-gQdw,True,False,112,1.5,0,1,0,Low,3,Prosper,TX,0000,0000,0
45,YCCnuIYQHW0Lnv_r7pFBbw,True,False,42,2.0,1,1,0,,3,Prosper,TX,1030,2100,1
46,EetNVXi8X-l-rwzDgu1ZaA,True,False,73,2.0,0,1,0,,3,Prosper,TX,1100,2000,1
47,sABLjt2mgq7uOZ61TOjH8g,True,False,133,2.5,1,1,0,Medium,3,Prosper,TX,1100,2200,0
48,xEyfYswkqIHx5tgPtBTtzQ,True,False,105,2.0,1,1,0,,3,Prosper,TX,0630,2100,0
49,HnzUiOj1NlRtqdGcCXMv1g,True,False,54,3.0,1,1,0,,3,Prosper,TX,1100,2100,1
50,yduGbvN_vc3p5O7psTtgYA,True,False,71,3.5,0,0,0,Low,3,Prosper,TX,0600,2200,0
51,8AfxHKTkUeetZ5qz2aiJHw,True,False,131,4.0,1,1,0,Medium,3,Prosper,TX,1100,1530,1
52,WWF8KZyNOnI2J0rymB9_7w,True,False,134,4.5,1,1,0,Medium,3,Prosper,TX,1100,2200,0
53,HnQZKjVaQ30XxADHy3kFGQ,True,False,7,4.5,1,1,0,,3,Prosper,TX,1100,2130,1
54,y-SmL3aGfLDxFsKkJwPxBw,True,False,28,4.0,1,1,0,,3,Prosper,TX,1100,2100,1
55,niyxfBCPrboxDRS89af9Gg,True,False,27,2.0,1,1,0,,3,Prosper,TX,1030,2200,0
56,n34XB0ToqCR9IvRD43z_0Q,True,False,6,4.0,0,0,0,,2,Prosper,TX,,,1
57,Y51mZRqXcK0HHu0XGAvogA,True,False,58,2.0,1,1,0,Low,3,Prosper,TX,0900,2200,0
58,wbHiIFjcluXon_u8drYJhA,True,False,61,4.5,1,1,0,,3,McKinney,TX,1100,2100,1
59,Yj9R7Lxon-lF1lpZ4C1Whg,True,False,91,4.5,0,0,0,Medium,3,McKinney,TX,0700,1500,0
60,qjITTDhThRP7l9YR1xr5Rw,True,False,239,4.0,0,1,0,Medium,3,McKinney,TX,1100,2130,0
61,8pfCGsHj3Vm81QLQU94EpA,True,False,168,1.5,1,1,0,Low,3,Prosper,TX,1000,2200,0
62,bIm_I9zf-xSEqvaOgAJHow,False,False,172,3.5,0,1,0,Medium,3,McKinney,TX,,,0
63,4K1dzfPHYurRWc2xK_6bxA,False,False,14,2.0,0,0,0,,3,McKinney,TX,0600,2245,0
64,PA-AJwmLljfAC8g6MY-l3g,True,False,76,3.0,1,1,0,Medium,3,Prosper,TX,1100,2100,1
65,vjjTBUQ_WVcKXUpofnjA9Q,True,False,58,2.0,1,1,0,Low,3,Prosper,TX,0930,0000,0
66,bBYik7QanfVMBYb3i3augA,True,False,50,2.5,0,0,0,Medium,3,McKinney,TX,1100,2300,0
67,U1-htRRFX9wo3HnsnWsWng,True,False,56,2.5,0,1,0,Low,3,Mckinney,TX,0000,0000,0
68,YADkKuo2fRrwhUa1NasIWQ,True,False,60,1.5,0,1,0,Low,3,Prosper,TX,0600,0000,0
69,aWri1w8P-noEj8H0DeLeYg,True,False,47,4.5,1,1,0,Medium,3,Mckinney,TX,1100,1500,0
70,FLgsL_4C6xV7ZrkXyvBLVw,True,False,77,4.0,1,1,0,,3,McKinney,TX,1000,2300,1
71,iJm0T1cCFO9IRHwvESCo8w,True,False,244,4.0,0,1,0,Medium,3,Mckinney,TX,1100,2200,1
72,rgyGjJp-6JsvVTZthwJtzw,True,False,60,2.0,1,1,0,Low,3,McKinney,TX,,,1
73,6iywwOtYOjTBOVxPvP_xaA,True,False,37,3.0,1,1,0,Low,3,Mckinney,TX,0600,0000,0
74,L0ZTFpP581_t6xesZPklGA,False,False,12,2.5,0,0,0,Low,3,McKinney,TX,1100,2100,0
75,RI2ucLondiayyI30J6oKMA,True,False,419,4.0,0,1,0,Medium,3,McKinney,TX,1100,2200,0
76,DS9-YZdhErxrTeqw0pnFQQ,True,False,116,3.0,0,1,0,Medium,3,McKinney,TX,1115,2130,0
77,5-Z62vbCFS05WHMTEr_Waw,True,False,58,1.5,0,1,0,Low,3,McKinney,TX,0800,0200,0
78,EyXBigvw_MrGyckC3WeSNQ,True,False,54,1.5,0,1,0,Low,3,Mckinney,TX,1100,2200,0
79,rMLYkzXa9bJ3GgvB51_9BQ,True,False,57,2.5,0,0,0,Low,3,McKinney,TX,1000,0000,0
80,P2YDkwSbfOt_dBCz-kzsmw,True,False,83,4.0,1,1,0,,3,Little Elm,TX,1100,1430,1
81,CvjkIAAakBUg9h1x3-Bwow,True,False,49,1.5,0,0,0,Low,3,Little Elm,TX,0600,2300,0
82,TOIN3_aVIaPjGTJRvvbZmw,True,False,257,3.5,1,1,0,Low,3,Mckinney,TX,0800,2100,0
83,4scGfgdDKJgf5oIJtFWMow,True,False,411,4.0,0,1,0,Medium,3,Frisco,TX,0700,1430,0
84,j6dDGi3iIu7UFXAGcbFtCw,False,False,332,4.0,0,1,0,Medium,3,Frisco,TX,1100,1430,0
85,SEiQjsJgaJStMQQPwq8gBA,True,False,34,3.5,0,1,0,Low,3,Frisco,TX,1100,2000,1
86,uDdQOtDdPv9_3xEAD-SyEQ,True,False,391,3.0,0,1,0,Medium,3,Little Elm,TX,1100,0000,0
87,MW4BQQ7FqSGmRXbflOf32A,True,False,126,4.0,1,1,0,Medium,3,Little Elm,TX,1100,2100,0
88,0mF8ergglfGHfNv7BnC8xA,True,False,227,4.5,0,1,0,Medium,3,Little Elm,TX,1500,2100,0
89,_qyd2BjqAj9HSUG_orR0IA,True,False,103,2.5,1,1,0,Medium,3,Little Elm,TX,1100,0200,0
90,zl1X-9mprr35PDvLCHETEw,True,False,18,4.0,1,1,0,Medium,3,Little Elm,TX,1100,2200,0
91,B_2g2gD5jELS2Jhd2Q7Y1w,True,False,96,3.0,1,1,0,Medium,3,Frisco,TX,1100,0200,0
92,gi4vOTfyHYdG9yKWGIFnGQ,False,False,102,3.5,1,0,0,Low,3,Little Elm,TX,1100,2100,0
93,QJFlzbDYd0xJrcGiQeJ6PQ,True,False,85,4.5,1,1,0,Low,3,Little Elm,TX,0430,1230,0
94,rneHZ-Ls54Zx0_Y1qVkeTg,True,False,7,3.0,1,1,0,,3,Little Elm,TX,1100,2200,1
95,R2c9TlPKQgfSEPPCHGLrXA,True,False,334,3.5,1,1,0,Low,3,Little Elm,TX,1100,2200,0
96,NQteur0m7_WL3kxQ_3lUDA,True,False,235,3.5,1,1,0,Low,3,Frisco,TX,1100,2100,1
97,aPF1nW2ecOTyFjf3ZCTtnw,True,False,140,2.0,1,1,0,Medium,3,Little Elm,TX,1100,0000,0
98,Ju9FG4YpXcyPvdJHZuro8A,True,False,108,3.0,0,1,0,Medium,3,Frisco,TX,1100,1430,0
99,s5RrKMbJR3mzfzUgZQdrfA,True,False,135,1.5,1,1,0,Low,3,Little Elm,TX,1030,2200,0
100,KICoweaVCo7ok7UH589zmA,True,False,69,2.0,1,1,0,Low,3,Frisco,TX,1030,2200,0
101,CBmSNb_77S3CI7KWVDaeCw,True,False,23,3.0,1,1,0,Low,3,Little Elm,TX,1100,2200,0
102,Xs9AdIIW07fCNh9ySrARPg,True,False,60,1.5,1,1,0,Low,3,Little Elm,TX,0600,2300,0
103,JJpou9UZElV_COC_eolWKA,True,False,62,2.5,1,0,0,Medium,2,Little Elm,TX,1100,2100,0
104,cCd7Qjs5_gXjJvkJvwS0EA,True,False,47,2.0,0,1,0,Low,3,Frisco,TX,1000,0000,0
105,eesJ6i0LRbgn7X6oCxFCZQ,True,False,90,3.0,1,1,0,Low,3,Little Elm,TX,1100,2130,0
106,UaqJjEwtWmI72QACt3x18A,True,False,165,1.5,0,1,0,Low,3,Little Elm,TX,0000,0000,0
107,qXBX6r0WPWV2VnZupZxjDA,True,False,41,2.5,0,1,0,Low,3,Little Elm,TX,0800,0000,0
108,JvC2xEnGrSnY_x7oeAE14Q,True,False,16,2.5,0,1,0,Low,3,Frisco,TX,1100,2200,0
109,SuKRjqrNZIsQEuRV3N_1cA,True,False,55,1.5,1,1,0,Low,3,Little Elm,TX,1030,2300,0
110,xP0UfpcFPWyCcpvoi9HE6w,True,False,28,1.5,1,1,0,,3,Little Elm,TX,1030,2200,0
111,DTU6zs0SJcii5r8TetsSgA,False,False,7,3.0,1,1,0,Low,1,Little Elm,TX,1100,2200,0
112,oSrcfY9N4TFztv2agouNtA,True,False,24,1.5,1,1,0,Low,3,Little Elm,TX,0800,2100,0
113,5Zpv34Q0FedYu9A24Felgw,False,False,155,4.0,0,1,0,Medium,3,Little Elm,TX,1100,2130,0
114,8bZb25LrWSE4bbVtQqHQaQ,True,False,142,3.5,1,1,0,Medium,3,Little Elm,TX,1100,2100,1
115,R0dGrbc1yTa48VLV91InUg,True,False,7,1.5,1,1,0,Low,3,Frisco,TX,0800,2100,0
116,g6H_JUQC_dV14MZvkVEsLg,True,False,45,3.5,1,1,0,Medium,3,Frisco,TX,1100,1500,0
117,VsQdpn2_KxXOBtj_cbLfCg,True,False,95,3.5,1,1,0,Medium,3,Frisco,TX,1100,2130,0
118,aB5bP5VAL7wpd5YyYV-HxQ,True,False,201,3.5,1,1,0,Medium,3,Frisco,TX,1100,2100,1
119,8F-LNn0pl3SVLYeFceVM5g,True,False,230,3.5,1,1,0,Medium,3,Frisco,TX,1100,2100,0
120,28BwwPQHZQUk_T-bifn_NQ,False,False,171,3.5,0,1,0,Medium,3,Frisco,TX,1100,2100,0
121,q6ML8MCgbh7hZmRxVNCKIA,True,False,117,1.5,0,1,0,,3,Frisco,TX,1045,2200,0
122,bqdjUIwYVlg8T00hzAgU3Q,True,False,154,3.5,1,1,0,Medium,3,Frisco,TX,1100,2100,0
123,SCqQaNz-VdtJsBF0-rDhug,True,False,73,2.5,1,1,0,Medium,3,Frisco,TX,1000,2100,0
124,X16alWsHoP34DBWC68bQWg,True,False,22,3.0,1,1,0,,3,Frisco,TX,1030,2200,0
125,MhXsR-K3udMpgiA4Pukrhw,True,False,174,2.5,1,1,0,Medium,3,Frisco,TX,1045,2200,0
126,6hDHVCKSnIPQG0TGkro_2w,True,False,194,3.0,1,1,0,Medium,3,Frisco,TX,1030,2200,0
127,HeSDtvFdccnj7Q-IR6KcsQ,True,False,32,3.5,1,1,0,,3,Frisco,TX,0700,2100,0
128,BjTP0NhxjO3Z69-uDwjlIw,True,False,55,4.0,1,1,0,Low,3,Frisco,TX,1000,2100,0
129,SxxFkcwfNxIbIBQ2JiwBgw,False,False,10,3.0,0,1,0,Medium,3,Frisco,TX,1000,2300,0
130,n7O4vrA0Pyoo2Es4lksdrg,True,False,48,2.5,1,1,0,Low,3,Frisco,TX,1100,2100,0
131,YJJeGldNu5riaHzdJckB4g,True,False,61,3.0,0,1,0,Low,3,Frisco,TX,1000,2300,0
132,TkXqAEK6DsbuMM32YtUQDA,False,False,2,1.0,0,0,0,,0,Frisco,TX,,,0
133,BzUMAbGLTppRzIG-fbSOOg,True,False,126,3.0,0,0,0,Low,3,Frisco,TX,0600,2200,0
134,wUPD1IWHdyh3nB4cH6e9KQ,True,False,14,2.0,0,1,0,Low,3,Frisco,TX,1030,2200,0
135,jmHvUUG1DTNeey2cGXfTUA,True,False,127,4.0,1,1,0,Low,3,Frisco,TX,1100,0000,1
136,wpvggwrUd-roXvIr1lSGRA,True,False,97,3.5,1,1,0,Low,3,Frisco,TX,1030,2230,1
137,2Nt2Q5nxHI39RgYxZZ9N-g,True,False,87,3.0,1,1,0,Medium,3,Frisco,TX,1000,2200,1
138,imuBwQgy4AZWx1y9YTwUDA,True,False,8,4.5,0,0,0,Low,3,Frisco,TX,0000,0000,0
139,KyMqxVfeBNCnSLZEkr4y0g,True,False,160,2.0,0,1,0,Low,3,Frisco,TX,0000,0000,0
140,uhOSmiTRR2r40pU5KV-X_A,True,False,42,3.0,0,1,0,Low,3,Frisco,TX,0800,0000,1
141,gu0isKhH9VBEgQp3YvaMfw,True,False,42,1.5,1,1,0,,3,Frisco,TX,0600,2300,0
142,-KQ-YXlgq9-dlIwbVbRW-A,True,False,42,1.5,0,1,0,Low,3,Frisco,TX,0500,0200,0
143,oXuxRsNrLXx7QmH2MRbBRg,True,False,52,1.5,0,1,0,Low,3,Frisco,TX,1000,2300,1
144,LADOBU3eimEr4rEkxqFtQg,False,False,3,2.5,1,1,0,,2,Frisco,TX,,,0
145,p7iTBe8fMg4CWTNqSpSqxQ,False,False,10,2.5,0,1,0,,2,Frisco,TX,1630,2100,0
146,xgDwXAzxUkgUwxtiJ2bKog,False,False,8,3.5,1,1,0,,2,Frisco,TX,1100,2200,0
147,sOnue1eNSFOqqA9ntSDsZQ,True,False,2,2.0,1,1,0,,3,Frisco,TX,1130,2130,1
148,X0GMsxXcQncx71ELKtSp8w,True,False,119,4.0,0,0,0,Low,3,Frisco,TX,1000,2100,0
149,KFdJyuoszE7NEEBxQS5KFA,True,False,115,4.5,1,1,0,Medium,3,Frisco,TX,1100,2100,0
150,_XCKzCdyvs5TOnNAKwF5EA,True,False,76,3.0,0,0,0,Medium,3,Frisco,TX,1045,2200,0
151,mCaqhmCERtXf1Ytt3Kzb5g,True,False,93,4.0,1,1,0,Medium,3,Frisco,TX,0700,1430,0
152,S-Xv3BCb8Y3UstSxGemIwg,True,False,130,3.5,1,1,0,Medium,3,Frisco,TX,1100,2130,0
153,_dEy7wHFK5472D9VFYJ92Q,True,False,206,3.0,0,1,0,Low,3,Frisco,TX,0630,2200,0
154,BW2dTsDsfvg28RnscUkAxw,True,False,56,4.0,1,1,0,Low,3,Frisco,TX,1000,2100,0
155,T-KPkZ235kqoWFbDx2sONQ,True,False,162,1.0,0,1,0,Low,3,Frisco,TX,0400,0100,0
156,qxm8VbFFy6-GyLLbgscLyA,True,False,60,2.5,1,1,0,Low,3,Frisco,TX,1030,2200,1
157,xnKXnKjFki9Ty5DS36tsyg,True,False,67,3.5,1,1,0,,3,McKinney,TX,0700,2100,0
158,AQ0OMprwnFlYkFRoT6Fr-w,True,False,120,3.5,0,0,0,Medium,3,McKinney,TX,0700,1430,0
159,yyInJ3lw7rXGkp2TEnb3nw,True,False,233,4.0,1,1,0,Low,3,McKinney,TX,1030,2200,0
160,s3lTK380dKKklsyQU4CARQ,True,False,13,4.0,0,0,0,,3,Little Elm,TX,0830,1800,1
161,2CcoD1fRfNroaGQ_sAliNQ,True,False,3,4.5,0,1,0,,3,Little Elm,TX,0800,1500,0
162,PzDZy9PTCYbuaMONj6Tiag,False,False,17,4.0,0,0,0,Low,3,Little Elm,TX,1000,0000,0
163,z24kI4C6usrf-HrHV0-2ig,True,False,149,3.5,1,1,0,Low,3,Little Elm,TX,1700,2200,0
164,a_14dgr5WOW_XYkEXbep0A,False,False,36,2.0,0,0,0,Low,3,Little Elm,TX,1100,2200,0
165,aSS07ssvQ3ewdXhx90-Oxw,True,False,53,4.0,1,1,0,,3,Little Elm,TX,1100,2100,0
166,UPlWGA2JmY5fkZRyvXUQdA,True,False,142,3.0,1,1,0,Medium,3,Little Elm,TX,1100,2100,1
167,Xj1xaMizHb87U5HwIkdZFA,True,False,315,4.0,0,1,0,Medium,3,Little Elm,TX,1030,2130,0
168,9wAA64HxlsDGGMUviXxXyQ,True,False,117,3.5,1,1,0,Medium,3,Little Elm,TX,0700,1400,1
169,hMv8yA_1OTJ4ieH_5aAMuQ,True,False,69,3.0,0,1,0,Medium,3,Little Elm,TX,1000,2200,1
170,_pJrK5CgwDVO_Y0rYUCMTw,False,False,37,1.5,0,0,0,Low,3,Little Elm,TX,,,0
171,Alwgh6S_MMuy-2bwbDRKtQ,True,False,54,2.5,1,1,0,Low,3,Little Elm,TX,1000,2100,1
172,7dSJCOqiBd3dWkUaccvVqw,False,False,12,3.5,0,0,0,Low,3,Little Elm,TX,1000,1900,0
173,LBX-yu132S4qui9rTNFCyg,True,False,9,1.5,1,1,0,,1,LITTLE ELM,TX,,,0
174,diEQoYhhuR2OrT7MEa_ORg,True,False,21,2.0,0,1,0,,3,Little Elm,TX,0000,0000,0
175,Wrjm9S6WKKDj2kxqV40jqw,True,False,7,4.0,0,0,0,Low,3,Little Elm,TX,0000,0000,0
176,TvfnPWq0_KAqFepc0Eowrg,True,False,388,4.0,1,1,0,Medium,3,Frisco,TX,0700,2200,0
177,Z3LXiGk9ArgQSNUKsihuhw,True,False,258,4.5,1,1,0,Medium,3,Frisco,TX,1100,1430,0
178,HCRlFBO5C21rGzQN8qA_cg,False,False,2,4.5,0,0,0,,0,McKinney,TX,,,0
179,XacNYTPpUvx7ztO9b56OYw,True,False,24,2.5,1,1,0,,3,Frisco,TX,1100,2200,0
180,DbGshk1aSz2gvfKadXf3hA,True,False,17,2.5,1,1,0,Low,3,Frisco,TX,0900,2200,0
181,e5hGi2KXJUWT1ijs_7Z-bg,True,False,258,4.0,0,1,0,Medium,3,McKinney,TX,1100,2130,0
182,ZRWexafbbMuXHWFbDcyBMw,False,False,50,3.5,0,1,0,,3,McKinney,TX,0800,2100,0
183,J5KgGmPmzNX5owUyZVQIVg,True,False,314,3.5,1,1,0,Medium,3,McKinney,TX,0800,2100,1
184,Vx3NrSUUhBBbd1EGEh8NDQ,True,False,56,4.5,0,1,0,,3,McKinney,TX,1100,2100,1
185,Mk-vt-KaxL5vKEbm78dAog,True,False,129,4.0,1,1,0,Medium,3,McKinney,TX,1630,2100,0
186,b69SigqPWocfdrFAwA-NFg,False,False,1,1.0,0,0,0,,0,McKinney,TX,,,0
187,kUg9xLGJRJ8v8rh2C6PKMA,True,False,112,3.0,1,1,0,Medium,3,Little Elm,TX,1100,2100,0
188,poOYI-vXRWHmhz7fRPd3gA,True,False,61,4.0,0,0,0,Medium,3,Frisco,TX,1100,2300,0
189,qHWxt_82KsiDsU4_tiMlNQ,True,False,57,3.5,1,1,0,Low,3,Frisco,TX,1100,2130,0
190,I8kjxgLslqaNwybm1dKkag,True,False,20,4.5,1,1,0,,3,Frisco,TX,0700,1400,1
191,kUTLx_nG_tZq5mxHV20jMA,True,False,133,3.5,1,1,0,Low,3,Frisco,TX,1030,2200,0
192,cEIkirpGljclPdTXg-mHgQ,True,False,447,3.5,1,1,0,Medium,3,Frisco,TX,0700,2100,0
193,JY1CpLWXdTils6iJ6kT7Xw,True,False,30,2.0,1,1,0,Medium,3,Frisco,TX,1100,2100,0
194,PyOrQnHcPq1hjdFUw7ScQA,True,False,1,5.0,0,0,0,,3,Frisco,TX,1100,1900,1
195,trYkuKXsOZcyczi12Sfyiw,False,False,3,5.0,0,0,0,,3,Frisco,TX,,,0
196,w0Qo8DKuUkdjMtGn0GiZJQ,True,False,74,3.5,0,1,0,,3,Frisco,TX,1100,2200,0
197,UVEbaBKgCmlrWL0RuTkcyg,True,False,52,4.0,1,1,0,,3,Frisco,TX,1100,0000,1
198,LWYqf2ipwcQF-8LCkJakOw,True,False,107,3.0,1,1,0,Medium,3,Frisco,TX,0900,2200,0
199,XfAZ2ubt2gMgFd0t1Cpwgw,True,False,38,4.0,1,1,0,,3,Frisco,TX,1100,2200,1
200,O95IXuZZ_LjKXH90iWzPzw,True,False,104,3.5,1,1,0,,3,Frisco,TX,1000,2200,0
201,zxWGR6Rt1mGCqu3BpRGajw,False,False,24,3.0,1,1,0,Medium,3,Frisco,TX,1000,2200,0
202,Llw4JYGLDZByKQ0dtt7Qhg,True,False,97,3.0,1,1,0,Medium,3,Frisco,TX,1030,2145,0
203,uNKeGBJiVHvWphLECWrPcg,True,False,8,3.5,1,1,0,,3,Little Elm,TX,1500,2000,0
204,hjKduY4M-1qwLxeYsjH_JA,True,False,47,4.5,1,1,0,,3,Frisco,TX,0700,2000,1
205,iRIG9UDwZzQQqzVXwMb6-A,True,False,141,3.5,1,1,0,Low,3,Frisco,TX,1500,2200,0
206,QBimuzLMIEPnkACx91CuVg,True,False,14,4.5,0,0,0,,2,Little Elm,TX,0530,2000,0
207,KCFAvlZcU8KOkx-MnOThcQ,False,False,3,5.0,1,1,0,,3,Frisco,TX,1100,2100,0
208,bCgqc6RDr0a5c0t5giS5RA,True,False,28,3.0,1,1,0,Low,3,Frisco,TX,0600,2300,0
209,IlMI7h8NdQUeBd6aTcp_qg,True,False,33,2.0,1,1,0,Low,3,Frisco,TX,0930,2300,0
210,FezBLXOhaZHG59R_X1fQaA,True,False,10,2.5,1,1,0,Low,3,Frisco,TX,0900,2100,0
211,sj4x_LtOVruBSHzCMUW-vw,True,False,226,4.0,0,1,0,Medium,3,Frisco,TX,1100,2100,0
212,icK467zSGbcVKOXvYG-GXQ,True,False,47,3.5,1,1,0,,3,Frisco,TX,1000,2100,0
213,WpOkFfb8xuaYV8SQfc3Yzg,True,False,123,4.5,0,0,0,Medium,3,Frisco,TX,0700,1430,0
214,IMzB-8Y1hsXqQ6Ey9Vw3oQ,True,False,6,4.5,0,0,0,,3,FRISCO,TX,,,0
215,xUzzt6pgTf0Sy01X-ge63w,True,False,329,4.5,0,1,0,Medium,3,Frisco,TX,0700,1400,0
216,ENPhfwodl_g1ey02eGY6tg,True,False,155,4.0,1,1,0,Medium,3,Frisco,TX,1100,1500,0
217,os_9iQIiQ--eSFvNAIul0A,True,False,317,4.0,1,1,0,Medium,3,Frisco,TX,1200,2100,0
218,QBhNEbSTqoRAQoCAh0gwAQ,True,False,619,4.0,1,1,0,Medium,3,Frisco,TX,1200,2100,0
219,Z3N__-JLDo1k0ukdH8Mm8g,True,False,408,4.0,1,1,0,Medium,3,Frisco,TX,1100,1430,1
220,K7cmD8XdKgMZO0KDfsw8VA,True,False,148,4.5,1,1,0,Medium,3,Frisco,TX,1400,2130,0
221,r3TwC0SGxwqlycndwJvRog,False,False,90,3.0,1,1,0,Medium,3,Frisco,TX,0700,2100,0
222,TTjP3BiTwjjUajqQZcU8KQ,True,False,199,4.0,1,1,0,Medium,3,Frisco,TX,1115,1430,0
223,AKMIIvW8JDuDOjRzaN4ntw,True,False,96,4.0,1,1,0,Low,3,Frisco,TX,1100,2130,0
224,NXLO7IxmBkUMe2wBm2Jf1g,True,False,311,4.0,0,1,0,Medium,3,Frisco,TX,1100,2130,0
225,oHvIrycm6jsBZhBVFfOLaA,True,False,163,3.0,1,1,0,Low,3,Frisco,TX,0700,2200,0
226,i1zEl3cr3_og02V_UpJrPA,True,False,54,3.5,0,0,0,Low,3,Frisco,TX,1100,2200,0
227,-IyQj3-fwnQwK4yR-F5aCw,False,False,68,4.0,1,1,0,Medium,3,Frisco,TX,1100,2130,0
228,ggum6770Bhf_DUsbuvnPyg,False,False,74,2.0,1,1,0,Low,3,Frisco,TX,1030,2200,0
229,rjaxz6DXmdVJWqwb5NYfGg,True,False,143,2.5,0,0,0,Medium,3,Frisco,TX,1100,0000,0
230,pgCVN3jDsDZ3CF1NtiNzgw,True,False,63,2.0,1,1,0,Low,3,Frisco,TX,1100,2100,0
231,4Q-avUTinF4ahNuc_UDxYA,True,False,36,2.0,0,1,0,Low,3,Frisco,TX,0500,0000,0
232,APcCju8-e4Pi8wqIM2txIg,True,False,6,3.0,1,1,0,Low,3,Frisco,TX,0900,2200,0
233,WQbMbt_WwyUNxzg6QVzsEw,True,False,229,4.5,0,1,0,Medium,3,Frisco,TX,1100,1430,0
234,6iS4Z3ZOx56KsNTId0Xphg,True,False,66,4.0,0,0,0,Medium,3,Frisco,TX,1200,2100,0
235,Gl8f12Czdq8P14rhXYN3-w,False,False,4,4.5,0,1,0,,3,Frisco,TX,,,0
236,-SPSN4lAQbJz8QLt9yZpSA,True,False,13,4.0,1,1,0,,3,Frisco,TX,1100,2100,0
237,DAMzDNLkmrxR-KtiQWKN1A,True,False,3,1.5,1,1,0,,3,Frisco,TX,,,0
238,3t-zZGvSM5w5x5GsegbcpQ,True,False,16,3.0,0,0,0,,3,Frisco,TX,1100,2100,0
239,pdh_lSQmWok-ziY-_zSPEg,True,False,365,3.5,1,1,0,Medium,3,Frisco,TX,1100,2300,0
240,qa4tf-_h-k5dLw0Gy84ecw,True,False,15,4.5,0,0,0,,3,Frisco,TX,0630,1430,0
241,It5tdF9-kQpnxMOaNMsatA,True,False,178,3.5,1,1,0,Medium,3,Frisco,TX,1100,2200,1
242,owBzaC2SInwyRPO3b5OQMg,True,False,100,3.0,0,0,0,,3,Frisco,TX,1045,2200,0
243,IC1A5xLL1OSK1Q7j6jYJeQ,True,False,87,3.0,1,1,0,Low,3,Frisco,TX,0630,1930,0
244,Y8R6dBxCTuUapbaCscnJiQ,True,False,109,3.0,1,1,0,Medium,3,Frisco,TX,1100,2100,0
245,-o0BRJ9KapCBiZkyMWSEvg,True,False,167,3.5,1,1,0,Medium,3,Frisco,TX,1100,2200,0
246,DDs6SgnILpNZ43D8ILk_og,True,False,178,2.5,0,1,0,Medium,3,Frisco,TX,1100,0100,0
247,SxgZPDwoNHmQeqdFA2adaQ,True,False,101,3.5,0,1,0,Medium,3,Frisco,TX,1100,2100,1
248,AiTCz58xj4U5RbSkePlV-g,True,False,36,1.5,0,1,0,Low,3,Frisco,TX,0600,2200,0
249,38BtkjnAB0otMbV0iaU4Ow,True,False,5,4.5,0,0,0,Medium,3,Frisco,TX,0000,0000,0
250,NqlXqmFDK6nY1LXNvzdl0g,True,False,217,2.0,1,1,0,Medium,3,Frisco,TX,1100,2000,0
251,Do4OPvA_2ogF-adBTuwe5Q,True,False,248,1.5,1,1,0,Low,3,Frisco,TX,0000,0000,0
252,X-Q7PtcWTYvGDfOfA-QjjA,True,False,107,3.0,1,1,0,Low,3,Frisco,TX,1100,2100,0
253,1sr6bCaICwbQLGy8k-zFCA,True,False,248,2.0,1,1,0,Low,3,Frisco,TX,0700,2200,0
254,5Is2w0FGIUVekvKuYabHLA,True,False,121,3.0,1,1,0,Low,3,Frisco,TX,1030,2130,0
255,-Y7lHLK6zVzpS74d92wTBQ,True,False,484,4.5,0,1,0,Medium,3,Frisco,TX,0700,1430,0
256,EnKHHf7K0XYPo_8XInzHZg,True,False,101,3.5,1,1,0,,3,Frisco,TX,1100,2200,1
257,92olaKGptfVZlLN75JDLPA,True,False,270,4.5,0,1,0,Medium,3,Frisco,TX,1100,2000,1
258,vxq-VIQENYOVtM1q3Oqhhg,True,False,186,3.5,0,1,0,Medium,3,Frisco,TX,1100,2100,0
259,yarRK_CyQjiA7TlezTHb6Q,True,False,51,3.5,0,0,0,,3,Frisco,TX,1600,0000,0
260,ETA-JSx9f5wjDqWFKoOPIA,True,False,194,3.0,1,0,0,Medium,3,Frisco,TX,1100,2200,1
261,pbAZBIf0UDp3hyDztApznQ,True,False,538,4.0,0,1,0,Medium,3,Frisco,TX,1600,2200,0
262,2_TeolyUZPOZzo6kYrxyng,True,False,300,3.5,1,1,0,Medium,3,Frisco,TX,1100,2230,1
263,hzfzGVfh6PJWHINkzOvDTw,True,False,738,4.0,1,1,0,Medium,3,Frisco,TX,1100,2200,0
264,DVz7Re9iXefYKLByYMj5WA,True,False,342,3.5,1,1,1,Medium,3,Frisco,TX,1100,2100,0
265,kyEoPMpwBVXs01xrNvQPfA,True,False,233,3.5,1,1,0,Medium,3,Frisco,TX,1100,1430,0
266,S3M7oh04sNVO_LU_YKABMA,False,False,2,3.0,1,0,0,,1,Frisco,TX,1900,2130,0
267,M-sJbSejtpJxrd4jgbQjFQ,True,False,57,4.5,0,1,0,Low,3,Frisco,TX,0700,1900,1
268,gcZYvz_9SQUwOpoC6_1q_A,True,False,26,3.0,1,1,0,Medium,3,Frisco,TX,1130,1430,0
269,P4Nk4Kyd4lcLuGuTDavmIQ,True,False,558,3.5,1,1,0,Medium,3,Frisco,TX,1100,2200,0
270,VJFWCA-_YFp6L9ilderheA,True,False,326,3.5,1,1,0,Medium,3,Frisco,TX,1100,2100,0
271,Xiy3ZAXgkZDcbDNQ-hVihA,True,False,308,3.5,0,1,0,Medium,3,Frisco,TX,1130,1430,0
272,GGBzpGEHRW1VbYm2OSSh_A,True,False,76,3.0,1,1,0,Low,3,Frisco,TX,1030,2100,0
273,Q1uNE4_H_Lczy7hMg8WZhA,True,False,301,4.0,0,1,0,Medium,3,Frisco,TX,1700,2200,1
274,ls16f4kuadN-5pohYZJgiA,False,False,5,4.0,0,0,0,,3,Frisco,TX,1300,1900,0
275,saVF1GAai9idAncGgH--Tg,True,False,376,4.0,1,1,0,High,3,Frisco,TX,1100,2100,0
276,7TkYToFcsYjIJ1aYq4tZCw,True,False,191,4.0,0,1,0,Medium,3,Frisco,TX,1030,2100,0
277,QMban7yQ8rFdbH3F7Ej0dA,True,False,1,5.0,0,0,0,,3,Frisco,TX,1000,1500,1
278,DFg_NsqMZnBAfEbF4YQuWA,True,False,229,4.0,1,1,0,Low,3,Frisco,TX,1100,2100,0
279,DRf2aj2CygJkN9TJR0tIUQ,True,False,11,4.5,0,0,0,,3,Frisco ,TX,1100,2000,0
280,A3HeeuhyfPJsM04YPzsY5w,True,False,445,4.0,0,1,0,Low,3,Frisco,TX,0800,2000,0
281,dWLlfnYioMnLS1kNILhrvw,True,False,162,4.0,0,1,0,Low,3,Frisco,TX,0630,1330,0
282,J6-PwOfRohS4gGriZciTVw,True,False,53,4.5,0,1,0,Low,3,Frisco,TX,0800,2100,0
283,-LTRytE898vpXoZI8KoRkw,True,False,427,4.0,1,1,0,Medium,3,Frisco,TX,1100,1500,0
284,zxu9YPbSm-2u5MXhGPxZcQ,False,False,1,4.0,0,0,0,,3,Frisco,TX,0800,1700,0
285,AMrvcVbz1IfBfr6FmqEOtg,True,False,5,3.0,1,1,0,,3,Frisco,TX,0800,1700,1
286,IAh1XtMoJUYgURQeVusZ8Q,True,False,371,3.5,0,1,0,High,3,Frisco,TX,1700,2200,0
287,1ybF8eowFlhMM-CnSal-2A,True,False,7,5.0,0,1,0,,3,Frisco,TX,0800,1630,0
288,O5Eo6wkdzu6CTeUEcwkSYg,True,False,1,4.0,0,0,0,,0,Frisco,TX,0800,1600,1
289,isYi-iSEDl_GjEuW9Wml0g,True,False,285,4.5,1,1,0,Medium,3,Frisco,TX,1130,2100,0
290,de7yjE4hCubxhGJ2etyjhQ,False,False,11,3.0,0,0,0,Low,3,Frisco,TX,,,0
291,DtYMJeVbFgGXroWYUX5P4Q,True,False,1825,4.5,0,1,0,Medium,3,Frisco,TX,1100,2100,0
292,2xZILGaSKG2pSXEK0jQDew,True,False,95,3.0,1,1,0,Medium,3,Frisco,TX,1100,0200,0
293,ZadjbWA7kQi34IdSJfScow,True,False,279,4.0,1,1,0,Medium,3,Frisco,TX,1100,1430,0
294,zTwNymkfEtDL2KrG5F_zKA,True,False,336,3.5,1,1,0,Medium,3,Frisco,TX,1100,2200,0
295,eLSnVgHrQ55ek-tvCyr4-A,False,False,2,5.0,0,0,0,,3,Frisco,TX,1100,2200,0
296,yPe4i13GlCNwIRTtpu26HQ,True,False,29,3.5,1,1,0,,3,Frisco,TX,0600,2000,1
297,ZpHWDSNRxglQ0PN7gZwC5w,True,False,19,2.0,1,1,0,,3,Frisco,TX,,,0
298,dLJ0NeQ4UG6mWyNAncJp7Q,True,False,108,1.5,1,1,0,Low,3,Frisco,TX,1030,2200,0
299,aJJNlseeJcz74jsKi4ToJw,True,False,56,2.5,0,1,0,Low,3,Frisco,TX,0500,0000,0
300,KHzBjElVfG2QCk7sxfF9jg,True,False,14,2.0,1,1,0,Low,3,Frisco,TX,0900,2200,0
301,S5a32egBdTL-ZyF9DnbVQQ,False,False,29,1.5,0,1,0,,3,Frisco,TX,1100,2100,0
302,gWb-EDAWKT1g-ZnTn4AlzA,False,False,3,2.5,0,0,0,,3,Frisco,TX,1100,2100,0
303,izwUMcJu2uTAQjrifb-y_Q,False,False,6,1.0,0,1,0,,3,Frisco,TX,1100,2100,0
304,Q5FMcoOqQMV5vgK1B-2O_g,True,False,90,4.5,1,1,0,Low,3,McKinney,TX,0700,2030,1
305,P6nlT31dF2Lmqg2NmlaBFw,True,False,26,3.0,1,1,0,,3,McKinney,TX,1030,2200,1
306,zOKgw6Fhniw1Sgrb8ZjQoA,True,False,74,3.0,0,0,0,Low,3,McKinney,TX,1030,2200,0
307,eKUphiarXq87lHjyjY9IAg,True,False,41,4.5,0,0,0,,3,Frisco,TX,0700,1330,0
308,MTm90fxhZmoWiIpHYhIinw,True,False,20,3.0,1,1,0,,3,Frisco,TX,1100,2100,0
309,XuLeRR_exu0uMvXh_ndZgQ,True,False,35,4.0,1,1,0,,3,Frisco,TX,,,0
310,Sz0vgWkH095oQ6Z95bKNWA,True,False,266,4.0,1,1,0,Medium,3,Frisco,TX,1100,2100,1
311,XY2R-4zbFaFvou7jvUELDw,True,False,208,4.0,0,1,0,Medium,3,Frisco,TX,1100,2100,1
312,Dl9E_6GJGPyfpts8mF3blQ,True,False,175,4.0,1,1,0,Medium,3,Frisco,TX,1500,2100,0
313,QDkEt8Awu0oU9I6u61ef8g,True,False,108,3.5,0,1,0,,3,Frisco,TX,0630,2200,0
314,MNbE9yisXquR6jZU7g8LHg,True,False,121,3.5,0,1,0,Medium,3,Frisco,TX,1100,1430,1
315,5CEaI_x0Thq2peM2Hg8loA,False,False,3,1.5,1,1,0,,1,Frisco,TX,1100,2300,0
316,TyRw4hi7yGcYvty-JWRPlA,True,False,204,1.5,0,1,0,Low,3,Frisco,TX,0000,0000,0
317,KHAZfWpTLESjsSa4MhrnAA,True,False,36,3.5,1,1,0,,3,Frisco,TX,0700,2100,0
318,uCtRjGhSmzOTsTxTZqi48g,True,False,45,3.5,1,1,0,Low,3,Frisco,TX,1000,2100,0
319,Mttwq_s9mf8luCdBi-DfPg,True,False,67,2.5,0,1,0,Low,3,Frisco,TX,0600,2200,0
320,kAW6buXIunh-Pehq4Hewhg,True,False,21,3.0,0,0,0,Low,3,Frisco,TX,,,0
321,ASiLlqytNkpY-ilT0rPH3A,True,False,1,5.0,0,0,0,,3,Frisco,TX,1000,2100,1
322,cnVsj6X0SCg7gzsm1G3D-Q,True,False,1,5.0,0,0,0,,0,Frisco,TX,0700,1600,0
323,PqxMYBUi_KMvN5PPHe4_GQ,False,False,1034,4.0,0,1,0,Medium,3,Frisco,TX,1100,1400,0
324,W5xgQQBtYJnt75Da8c0ZKg,True,False,716,4.0,1,1,0,Medium,3,Frisco,TX,0800,1430,0
325,SJIyDOjpUT5BSAfqW6D9uw,False,False,37,3.5,0,1,0,Low,3,Frisco,TX,0730,1600,0
326,JHwMwZu4oU9L0gCGHJ4caA,True,False,104,4.5,1,1,0,Low,3,Frisco,TX,0700,1600,0
327,GrTcRGrIPsPZ01wNfFXoTg,True,False,96,4.5,1,1,0,Medium,3,Frisco,TX,1100,2100,0
328,YhDcm4mQbwJowuaj9ZWebA,True,False,77,3.0,1,1,0,Low,3,Frisco,TX,1100,2100,1
329,cP9puqDInVekjyMyZ3S6Ew,True,False,103,3.0,1,1,0,Medium,3,Frisco,TX,1030,2100,0
330,_9OEYhv5CTbczJG9w9romw,False,False,170,3.5,0,1,0,Medium,3,Frisco,TX,1100,2100,0
331,03O8XMlMfBYx8sGx38U90Q,True,False,92,3.5,1,1,0,,3,Frisco,TX,0700,2030,0
332,k8SflrjlIUxSf1UxU3Dyxg,True,False,71,4.0,0,1,0,Low,3,Frisco,TX,0600,2100,1
333,GhZKg8l_CFZzU6y6pcIxUg,True,False,56,3.5,1,1,0,Low,3,Frisco,TX,1100,2100,1
334,RURDenJmFqJO__G9Xg8cYw,True,False,51,1.5,1,1,0,Low,3,Frisco,TX,0600,2300,0
335,9ivZM3H6alDVj7i8FR2_Vw,True,False,53,2.5,0,0,0,Low,3,Frisco,TX,1000,2200,0
336,tdawfJdlfIQC3Ov3s9A9nw,True,False,42,2.5,0,1,0,Medium,3,Frisco,TX,0700,1900,0
337,pip9lYKzDTiY1v3eqm349g,True,False,10,1.5,0,0,0,,3,Frisco,TX,,,0
338,XIrYN0qGn5CrCsMlqCoQDA,True,False,18,2.5,0,0,0,,3,Frisco,TX,,,0
339,u1sW0RUhC0S5lJbb2lgRjA,True,False,9,1.0,0,0,0,,3,Frisco,TX,1100,2200,0
340,tcP5RGVhyLtwzgC1JUuXWw,True,False,1,1.0,0,0,0,,3,Frisco,TX,1130,2130,0
341,7EFw8CZZ1uha_P5jBTrftw,True,False,43,4.5,0,0,0,,3,Frisco,TX,,,0
342,Lz4Zxt6TavWZbnlB1GQz_Q,True,False,8,3.5,0,0,0,,3,Frisco,TX,1200,2200,0
343,XpyrGWMGtmTuucT-5LTy5Q,True,False,537,3.5,1,0,0,Medium,3,Frisco,TX,1100,2200,0
344,NzfzwOMbXstr8KgYtl230w,True,False,184,4.0,1,1,0,Low,3,Frisco,TX,1000,2100,0
345,sytEJOWJJAJw72nRgBwraQ,True,False,23,3.0,0,1,0,Low,3,Frisco,TX,0800,0000,0
346,TXgYoFvA71_HPruOFZnxZw,True,False,36,3.5,1,1,0,Medium,3,Frisco,TX,1600,2100,0
347,_UW1f_GiJomw1OUwXt_u9Q,True,False,57,1.5,1,1,0,Low,3,Frisco,TX,0900,2330,0
348,HcMaNZ_vhF61Fz2lROn91w,True,False,45,2.0,0,1,0,Low,3,Frisco,TX,1000,0100,1
349,48hHHbYYqaNR8w4-SMY8Sg,True,False,15,4.0,0,0,0,,3,Frisco,TX,0630,2100,1
350,t0LQ_T1BTW95-xHpjL8tvw,True,False,93,3.0,1,1,0,Medium,3,Frisco,TX,1100,2200,0
351,E3je_lQpn3Y4v704GM2xFg,True,False,51,2.0,1,1,0,Low,3,Frisco,TX,0600,2300,1
352,adESuLvYNJSht2Bwt4xZyg,True,False,66,2.0,1,1,0,Low,3,Frisco,TX,1030,0000,0
353,-L9dRulgOXC2VXObqr7yPw,True,False,43,4.0,1,1,0,Low,3,Frisco,TX,1000,2100,0
354,icbNjFkK_Knw4C7Rf2hJfw,True,False,45,3.0,1,1,0,Medium,3,Frisco,TX,1100,2100,0
355,-xr9y2UKvI54OxukPu4uIg,True,False,60,1.5,1,1,0,Low,3,Frisco,TX,0930,2200,0
356,Dm3BHOb67UyE8NYED-7ZMQ,False,False,117,4.0,1,1,0,Medium,3,Frisco,TX,1630,2100,0
357,kQcCkh52NtJwReGbNVGV3Q,True,False,29,3.0,1,1,0,,3,Frisco,TX,1100,2300,0
358,2V8rtOukZv28V-2O_UtknA,True,False,166,4.5,1,1,0,Low,3,Frisco,TX,0800,1900,1
359,UJgDfMWYR-HJEphrLcV9ng,True,False,41,2.0,0,1,0,Low,3,Frisco,TX,1100,2200,0
360,lFvJMCTC-bzdsc6U5Qc2Pw,True,False,34,3.5,1,1,0,,3,Mckinney,TX,0700,2100,1
361,gxBSpboX3E4u_SWRUsqyHg,True,False,35,3.0,0,1,0,,3,Frisco,TX,1100,2200,0
362,Gh0FFtOkDpnGdsTyn9YhBA,True,False,3,3.5,1,1,0,,3,Frisco,TX,1600,2100,1
363,WpSUattkohegfbVk2rtGUw,True,False,55,3.5,1,1,0,Medium,3,Frisco,TX,1300,2000,1
364,1Zeu64qc5h6JJAumt0_zxQ,True,False,119,4.0,1,1,0,Medium,3,Frisco,TX,1100,2100,0
365,uZ6mBlUQAfSLhisJLIJmqw,True,False,63,4.5,0,0,0,Low,3,Frisco,TX,0630,1700,1
366,cX4Zv5vEtsmIgHm6r90LgA,True,False,11,2.5,0,0,0,,3,Frisco,TX,1100,2200,0
367,3ZiOvwzcsN3eOm7glVxWpw,True,False,113,4.5,0,1,0,,3,Frisco,TX,1130,2100,1
368,z6fMg9NIF57FDrNNrUmmaQ,True,False,5,4.0,1,1,0,,3,Frisco,TX,1100,2200,1
369,h_lWIGnjyTFUSPsC6dE0sQ,False,False,27,4.0,1,1,0,,3,Frisco,TX,,,0
370,orsc-l0O4p17u0-E41moxg,True,False,22,4.5,0,0,0,,3,Frisco,TX,0800,1800,1
371,pgLGHfb9SzwFE0Hb-VboJw,True,False,11,4.0,1,1,0,,3,Frisco,TX,1100,2000,1
372,bSnPJidAIfQ-eRUOYIZUfQ,True,False,33,4.0,0,1,0,,3,Frisco,TX,1100,2100,1
373,7GYhTL_ZGsl3upw0duHMFQ,True,False,103,4.5,0,1,0,Low,3,Frisco,TX,0600,1800,0
374,AHLLMGWR9MObgzi8BwfmAw,True,False,14,2.0,1,1,0,,3,Frisco,TX,0800,2100,0
375,GYDttSQAaK62Lr5_70G3ng,True,False,66,4.5,1,0,0,,3,Frisco,TX,1130,2130,1
376,-ptKXpBnXnb0_2q6-z3M7A,True,False,140,3.5,1,1,0,Low,3,Frisco,TX,1030,2130,0
377,Wk7bGwKecyYwdh1e9JpIUg,True,False,21,3.0,1,1,0,,3,Frisco,TX,1130,2100,0
378,rdTDtfC1T70Z4lBPP9NoJQ,True,False,97,4.0,1,1,0,Low,3,Frisco,TX,0600,1400,0
379,kwRfq6G1qPBcBk8ZAsCjZw,True,False,40,3.5,0,0,0,Low,3,Frisco,TX,1030,0000,0
380,WHqKxIureuFBmZB5yCi-Mw,True,False,9,4.5,0,0,0,Low,3,Frisco,TX,0900,1900,1
381,P-a683VhuwDfkBQPBJfKng,True,False,5,3.5,1,1,0,,3,Frisco,TX,1100,2100,1
382,e6U99SEwPfwT5FfooMIGhQ,True,False,39,4.0,1,1,0,Low,3,Frisco,TX,1600,2100,1
383,7YhOw6OO1hUYArazkbkIZw,True,False,135,3.0,1,1,0,Medium,3,Frisco,TX,1100,2100,0
384,xvTKsff8RJXJYs-XAFmMNg,True,False,110,2.5,1,1,0,Medium,3,McKinney,TX,1045,2200,0
385,W9-sc1-0TsV7kmkjdlSV5Q,True,False,62,2.0,0,0,0,Medium,3,McKinney,TX,1100,0000,0
386,9s700_ccLe7eWQ0wVcsiLw,True,False,165,2.0,1,1,0,Low,3,Frisco,TX,1045,2200,0
387,ANh7XGDzZU1WnYPaNbe5UQ,True,False,199,3.0,1,1,0,Medium,3,McKinney,TX,1100,2200,0
388,5HabLL3znKQq1oGZ-4H8Nw,True,False,105,3.5,0,1,0,Medium,3,Frisco,TX,1000,2300,0
389,cRBuTJRNeBks6DsHw9Y0HQ,True,False,24,2.5,1,1,0,Low,3,Mckinney,TX,0600,2300,1
390,aXhYVRkgf_5H0-cEFcYXpA,True,False,78,2.5,0,1,0,Low,3,Frisco,TX,0500,0000,0
391,AWzZpYrIlJc62sE-UfWJAA,True,False,73,2.5,0,1,0,Low,3,Mckinney,TX,0600,1500,1
392,ZrgOQ_cxAgigoBMJjmjwvA,True,False,6,3.0,1,1,0,Low,3,Frisco,TX,0900,2200,0
393,OvpiAP80c7DJ7AKTzEfQKw,True,False,40,5.0,1,1,0,,3,McKinney,TX,1100,1500,0
394,skOdw3314w8zgKiHQoLDYg,True,False,67,4.5,1,1,0,Low,3,McKinney,TX,1000,2100,1
395,GjR509PwiyddlhhFYqfz7A,True,False,385,4.0,0,1,0,Low,3,McKinney,TX,1100,2200,1
396,5ARD6r8F8ElBUFQYLYd5TA,True,False,307,3.5,0,1,0,Medium,3,McKinney,TX,1000,0000,0
397,Z6hCGj9443bzA6FWGueQ5w,True,False,15,4.0,0,0,0,Low,3,McKinney,TX,0000,0000,0
398,vwlHCU1nZ36o7DRJiV-aLQ,True,False,85,3.0,0,1,0,Low,3,Mckinney,TX,0000,0000,0
399,yTLCJduGNoCQthPTEF7S-A,True,False,58,2.5,1,1,0,Medium,3,McKinney,TX,1100,2100,0
400,7JDoHq4CVcyX6rUG8umgqA,True,False,58,1.5,0,1,0,Low,3,McKinney,TX,0800,0200,0
401,1M6R5YO87u7qdZLBC7pzTQ,True,False,91,3.5,0,1,0,Low,3,Mckinney,TX,0600,2200,1
402,i0OoO-IfchgdM46gH8poJA,True,False,186,4.5,1,1,0,Low,3,Frisco,TX,1100,2200,1
403,3m1fFOsPlS2cpq1hBCPShA,True,False,872,4.5,0,1,0,Medium,3,Frisco,TX,0700,1430,0
404,eVv3L2EFs1BiC85xb9fjKQ,False,False,90,3.5,1,1,0,Medium,3,Frisco,TX,,,0
405,Q3-03ugxTJQdb1uiiu8OOg,True,False,226,4.0,0,1,0,Medium,3,Frisco,TX,1100,2130,0
406,Oc21t1r_VYI8ua_4vl4yBA,True,False,56,1.5,0,1,0,Low,3,Frisco,TX,0500,0000,0
407,KOdQv5TtIXNju-ZIUpahEA,False,False,14,2.5,0,1,0,,3,Frisco,TX,1000,2300,0
408,OZt4IgydXAJY-mxkdvOchA,True,False,25,2.0,0,1,0,Low,3,Dallas,TX,1000,0000,1
409,pk-llAKgf8b1a9HY1UHszw,True,False,18,2.0,1,1,0,Low,3,Frisco,TX,0800,2100,0
410,rI9NXTUM5cUB6xwMWsqWxQ,True,False,690,4.0,1,0,0,Medium,3,Frisco,TX,1100,2200,0
411,gYvN7itwBu9c1t9dlQVs2Q,True,False,178,4.0,1,1,0,Medium,3,Frisco,TX,1100,2130,0
412,BbYl_rVZDFPQyT6tuNQDBw,True,False,396,4.5,1,1,0,Medium,3,Frisco,TX,0700,1500,0
413,1fo-TvPTzcFeWLGXB3fzTQ,True,False,378,4.0,0,1,0,Medium,3,Frisco,TX,1100,2200,0
414,1sG3OSwCjK-vT_CuLY4wEg,True,False,297,4.0,0,1,0,Medium,3,Frisco,TX,1600,2300,0
415,UQ0ejf1a9Ob33UnBGHbdOA,True,False,63,4.5,0,1,0,High,3,Frisco,TX,1730,2200,0
416,opFjbZ9NAOjefao_zGly6Q,True,False,118,4.0,1,1,0,,3,Frisco,TX,1100,2200,1
417,Br61jGdeSyqGUJfaBIz7iw,False,False,240,3.5,0,1,0,Medium,3,Frisco,TX,1100,2100,0
418,IxyWVgibGUBLYGVkAzvaJA,True,False,61,3.5,1,1,0,Low,3,Frisco,TX,1100,2200,0
419,kXc01zB4yjLat1zl3mOeWA,True,False,17,3.0,1,1,0,Medium,3,Frisco,TX,1100,1400,1
420,Kt3mqOpwOMK3NiNtOPWXqQ,True,False,28,4.5,1,1,0,Low,3,Frisco,TX,0900,2100,1
421,SlVl1e_KWW4OGeKHBWJLIQ,True,False,347,4.0,0,1,0,Medium,3,Frisco,TX,1130,2100,0
422,Q6Ubri6ALZiKajqKv8qKUA,True,False,12,4.0,1,1,0,Medium,3,Frisco,TX,0700,2000,1
423,4lA1sZQre_PkQRGNTMYI-g,True,False,32,2.5,0,0,0,,3,Frisco,TX,0600,2200,1
424,bqnWklmo832hOkZAi2lJWA,False,False,9,2.0,0,0,0,,2,Frisco,TX,,,0
425,-soVjwdcFOdVsIK8LwmbSA,True,False,6,4.0,1,1,0,,3,Frisco,TX,1030,2230,1
426,BkOI4SjFFlNHEowjVH-yzg,True,False,339,4.0,0,0,0,Medium,3,Frisco,TX,0700,1430,0
427,RW7IL5kqWQ8USZq9Z1_FKg,True,False,122,2.5,0,1,0,Low,3,Frisco,TX,0000,0000,0
428,fpI7mnWKWi5ImtBf1gd-zg,True,False,140,2.0,0,1,0,Low,3,Frisco,TX,0530,1600,0
429,qBSTj8-J-bvUpdzdwtK_Eg,True,False,81,2.0,1,1,0,Low,3,Frisco,TX,1000,2200,0
430,5ER1LVy_PBHfz0GZyW067Q,True,False,8,3.0,0,0,0,,3,Frisco,TX,1600,2100,0
431,yf9mlOI9DT2v2D5aco5Mjg,False,False,53,2.5,1,1,0,,3,Frisco,TX,,,0
432,5wHJw1s9WfGt_2G_-9c2sA,True,False,3,4.0,0,0,0,,3,Frisco,TX,1100,2200,0
433,IJ_6VoseADX4YE9UHJoxIw,True,False,176,4.0,1,1,0,Low,3,Frisco,TX,1100,2200,1
434,X3Ph3dagbWXIOBvtREBIuA,True,False,36,3.5,0,1,0,Medium,3,Frisco,TX,1000,2100,1
435,QDQwPO2PnhEPW950ezBsrg,True,False,83,4.0,0,1,0,Medium,3,Frisco,TX,0700,1430,0
436,BWdGYxgglIbmWt08eHrT5A,True,False,193,4.5,0,1,0,High,3,Frisco,TX,1100,1430,0
437,vTBJ5sIQ8dkFmc6RO82CeQ,True,False,38,3.0,1,1,0,,3,Frisco,TX,1000,2200,1
438,Fmjo9qVYNvkoOtC1Y5q0Gw,True,False,53,3.0,1,1,0,Low,3,Frisco,TX,1030,2100,0
439,8L8nfzPjUqFlAZHY7vLdkQ,True,False,144,3.5,1,1,0,Medium,3,McKinney,TX,1130,1500,0
440,ilbpPtszw7TdBuObPCoMhg,True,False,46,2.0,0,1,0,Low,3,Mckinney,TX,0630,2300,1
441,vxR6uRe5us41UX8nUasvaQ,True,False,37,3.5,0,1,0,,3,Frisco,TX,1000,2100,0
442,sq2pdhpFaT_7jQQXbYW0Qg,True,False,215,4.5,1,1,0,Medium,3,Frisco,TX,1100,2200,0
443,NUKEqZp54WUS7-Qc3JnLyw,True,False,299,4.0,1,1,0,Medium,3,Frisco,TX,0630,1430,0
444,-PT1Co5y4Dta_vv9tQDgBg,True,False,56,3.5,1,1,0,,3,Frisco,TX,1600,2300,1
445,jXBN7J5n1e9OKVx6ss2oJA,True,False,38,2.5,1,1,0,Low,3,Frisco,TX,0700,2300,1
446,2z7Qw5FCDtUtZzEj8VX4-A,True,False,60,4.5,0,0,0,,3,Frisco,TX,1100,2100,1
447,EK7Jh8ldDDA04YODjT0o4Q,True,False,4,5.0,1,1,0,,3,Frisco,TX,1100,2000,0
448,epWYCIJvJba2YTCpHtxpjA,False,False,106,4.0,0,1,0,Medium,3,Frisco,TX,1100,2200,0
449,5tr1jqMorEOp_lUPbaQVCw,True,False,30,2.5,0,1,0,Low,3,Frisco,TX,0800,2200,0
450,T-jS9VDynLl3gCPipDnhtA,True,False,50,3.0,0,1,0,Low,3,Frisco,TX,0500,2300,0
451,TqkMtNRbg6fzRwQXD7sk3w,True,False,6,1.5,1,1,0,Low,3,Frisco,TX,0900,2200,0
452,6cE8x0LfybDPhe5H1FveSg,True,False,44,3.5,1,1,0,,3,Frisco,TX,1100,2100,1
453,mGdzFQD2qM_GiwQNoNTJaQ,True,False,211,4.5,0,1,0,Medium,3,Frisco,TX,1100,1430,0
454,mW5AQncfKFZDmgjOOVuzbg,False,False,250,4.0,0,1,0,Medium,3,Frisco,TX,0630,2100,0
455,vm12ElhcqU9SdSsQXktOTw,True,False,252,4.0,1,1,0,Medium,3,Frisco,TX,1100,2100,0
456,o1VhGBJ5fJf4x3T8CMCo9g,True,False,636,4.0,1,1,0,Medium,3,Frisco,TX,1600,2100,1
457,2KTXmV6c9LnE7yiHn6_mPw,True,False,107,4.0,1,1,0,Medium,3,Frisco,TX,1100,2100,1
458,5yWNsAA5mCb7dHufkb7Ykg,True,False,230,3.0,1,1,0,Medium,3,Frisco,TX,1100,2200,0
459,c5r2_s_4-U5O4NHGKTOKNg,True,False,198,2.5,1,1,0,Medium,3,Frisco,TX,1100,0000,0
460,VQcv58vja_I81PxIGsc3TA,True,False,19,4.5,0,1,0,High,3,Frisco,TX,0930,1830,0
461,sZ6OGgdDvbJu8DmE2NIrGg,True,False,35,2.0,0,1,0,Low,3,Frisco,TX,0000,0000,0
462,Fl_zLFA-Q0t-bqxBcBQuZA,True,False,15,2.0,1,1,0,Low,3,Frisco,TX,0900,2200,0
463,fsArw_200gqcuyvOtWL98w,True,False,355,4.5,0,1,0,Medium,3,Frisco,TX,0700,2100,0
464,qUvn-ilnP2I7lJ0j5ypiEw,True,False,377,4.0,1,1,0,Medium,3,Frisco,TX,1100,2030,0
465,M_dvpbuYLadhaNITtl1BpA,True,False,28,3.5,1,1,0,,3,Frisco,TX,1100,2200,1
466,2hEoWOcti8BmA4GpAuBBzg,True,False,43,3.5,1,1,0,Low,3,Frisco,TX,1100,2000,0
467,ocosJrExGXihoGMiL6Grbw,True,False,7,2.5,1,1,0,,3,Frisco,TX,1200,2200,1
468,x7VrnL4qS2ZN0eTA_YiCVw,True,False,383,3.5,0,1,0,Medium,3,Frisco,TX,0700,2100,1
469,Yfd_q1H6EHs8Jcus0YzEWw,True,False,258,4.0,0,1,0,Medium,3,Frisco,TX,0800,2100,0
470,zuaLmRpXbZjC_ek0ZHLEjQ,True,False,17,4.5,1,1,0,,3,Frisco,TX,1000,2100,0
471,jG1dCsa_x0jufF3xmKA4JA,True,False,150,3.5,1,1,0,Medium,3,Frisco,TX,1100,2100,1
472,8T6RDK7XZMBM0g1mX4Pydw,True,False,21,4.5,0,0,0,,3,Frisco,TX,1100,2200,0
473,VBJAHggfAaYeLGpgh-VDLg,True,False,1126,4.0,1,1,0,Medium,3,Frisco,TX,1100,2100,0
474,xXvMyE9iwHZwtApULpZsWw,False,False,118,3.5,0,0,0,,3,Frisco,TX,1600,2200,0
475,j2U3fC92-k-0EFdYFo8iow,True,False,589,3.5,1,1,0,Medium,3,Frisco,TX,1100,0000,0
476,cHbtPMI88I6-nPQMDArv7A,True,False,30,3.5,0,0,0,,3,Frisco,TX,1700,2200,1
477,PxAKddRxxfWzXjCfp6Ayzw,True,False,24,5.0,1,1,0,,3,Frisco,TX,1100,2200,1
478,LrL_bLXNenIjN91wxrXbfA,True,False,436,3.5,1,1,0,Medium,3,Frisco,TX,1100,2300,1
479,VvWbcB590fuy-RjnWx0JWw,True,False,167,3.0,0,1,0,Medium,3,Frisco,TX,0700,2200,0
480,TyziXxg_YojlwW5Jyn9pdQ,True,False,245,4.0,0,1,0,Very High,3,Frisco,TX,1600,2200,0
481,AdVSU_Hngnrs3YubGKvylA,True,False,298,2.5,0,1,0,Medium,3,Frisco,TX,1100,0200,0
482,8pCRLVHCo7LeW9vY7czB6Q,True,False,359,3.5,1,1,0,Medium,3,Frisco,TX,1100,0200,0
483,_cj2qAP9AqSeWRzgm1T_vw,True,False,287,3.5,0,1,0,Medium,3,Frisco,TX,1100,2200,0
484,zSznTEwh__5CPSodIkdU0w,True,False,287,4.0,1,1,0,Medium,3,Frisco,TX,1100,2100,0
485,UJyaOs7eq_oB1aI1ZSAh0w,True,False,424,4.5,0,1,0,Medium,3,Frisco,TX,0700,1500,0
486,n128YZqWp68zmv3_NIOdgA,True,False,199,4.0,1,1,0,Medium,3,Frisco,TX,1100,2200,0
487,fDMEF_1tL48Qg-77jhzVhw,True,False,101,3.5,0,1,0,Medium,3,Frisco,TX,1000,1800,1
488,WF_fQLXy4nvgeahmCNAlfg,True,False,337,4.0,0,1,0,Medium,3,Frisco,TX,1100,2200,1
489,soD-cFZRyDV8vfOqjGZN6g,True,False,164,3.5,1,1,0,Medium,3,Frisco,TX,0630,1800,0
490,cTXJ0802WT8dL0ZTzNU4zw,True,False,14,3.0,1,1,0,,3,Frisco,TX,1000,2200,1
491,omjn6i_DGuwQeY53aQYmdA,True,False,91,1.5,1,1,0,Low,3,Frisco,TX,1045,2200,0
492,RAlFwSYpj88t7byrfh_4_Q,True,False,7,2.0,1,1,0,Low,3,Frisco,TX,1000,2000,0
493,eLLlvggmbTMdK-tvubXmCA,True,False,722,4.5,0,1,0,Medium,3,Frisco,TX,0700,1500,0
494,585QN2-qxMKJyJzrDQx0zA,True,False,67,4.5,1,1,0,,3,Frisco,TX,1000,2000,1
495,9aEz75cce1lzQ07HGmVq_Q,True,False,1,5.0,0,0,0,,3,Frisco,TX,1700,0000,1
496,dcAnsCtmIPjVgIBBGyxAnA,True,False,160,3.5,1,1,0,Medium,3,Frisco,TX,1100,2100,1
497,YLprsfSHoyywn5TPwysohA,True,False,1,1.0,0,0,0,,3,Frisco,TX,1700,2200,0
498,8FJUasAEr9GbM6bt9z4o3w,True,False,45,4.5,0,0,0,Medium,3,Frisco,TX,1100,2200,0
499,ZmrPkPlb6gRylpyZU4EydQ,True,False,1833,4.0,1,1,0,Medium,3,Frisco,TX,1100,2200,0
500,xVz0QrAeFT7wrkmwyPdSyQ,True,False,836,4.5,1,1,0,Medium,3,Frisco,TX,0630,1430,1
501,NyUjZnRq5siS_gYOSD5nNQ,True,False,193,4.0,1,1,0,Medium,3,Frisco,TX,1100,0200,0
502,3k8hkpMUE7LNEnJtK8MQmQ,False,False,139,3.5,1,1,0,Medium,3,Frisco,TX,,,0
503,SZ-iltOHzVPXO32xCaHyyA,True,False,370,4.0,1,1,0,Medium,3,Frisco,TX,1100,2030,0
504,DrNk945Nty193ET3PajIEA,True,False,514,4.0,0,1,0,Low,3,Frisco,TX,1045,2200,0
505,ux7_my9gBCAY9Fae0-bc4w,True,False,288,4.0,1,1,0,Medium,3,Frisco,TX,0700,1500,1
506,YmrfIxrEkkPpjvJ1k3kdCA,True,False,13,4.5,1,1,0,Low,3,Frisco,TX,1200,2000,0
507,85ISIMsWi_-ZOigO1MGBaQ,True,False,89,3.5,1,1,0,,3,Frisco,TX,1200,2200,0
508,Xf-b9HcYzij1L9rITbVLlA,True,False,124,3.0,0,0,0,Medium,3,Frisco,TX,1100,2100,0
509,FK75rail3NA7C7i3Tf65dA,True,False,667,4.0,1,1,0,Medium,3,Frisco,TX,1045,2200,0
510,xv81wCCTDRFQJDFfQNcE7A,True,False,224,4.0,1,1,0,Medium,3,Frisco,TX,1100,1500,0
511,YAcRarYclSMDvZFMhpHJ3A,True,False,296,4.5,1,1,0,Medium,3,Frisco,TX,1100,2030,0
512,dStZ6VQPoBI9203LqlMg4A,True,False,374,4.0,1,1,0,Medium,3,Frisco,TX,1130,2130,0
513,RHIWPkZB7jrm8qiIKAk0UQ,True,False,198,3.0,1,1,0,Medium,3,Frisco,TX,1100,2130,0
514,sWEd99NMp4i9v1c2FjUZ6g,True,False,330,4.0,1,1,0,Medium,3,Frisco,TX,1100,0000,0
515,st0XfS5D4Ur-xkudOnm-2w,True,False,232,4.0,0,1,0,Medium,3,Frisco,TX,1130,1500,0
516,uLUg8RY3sg6jGWaTWvSABw,True,False,221,4.0,1,1,0,Low,3,Frisco,TX,1100,2100,0
517,lkpHOzbZ24WiJr7Z6oNRgQ,True,False,3,3.5,1,1,0,,3,Frisco,TX,0700,2200,1
518,8NUuMj8vQNqEmlxuLfLJQg,True,False,312,2.0,1,1,0,Medium,3,Frisco,TX,1100,0000,0
519,BTNKR9mcXBL07Ilty0HtXQ,True,False,230,3.5,1,1,0,Low,3,Frisco,TX,1100,2130,0
520,bFaNKayINuCo6V71Vox5mg,True,False,145,2.0,1,1,0,Low,3,Frisco,TX,1000,0000,0
521,uZKsrUwhKqP5U4SjVsHxRw,True,False,136,4.0,0,0,0,Low,3,Frisco,TX,1100,2100,0
522,pV6OmIL4rVprs9J4I15zsA,True,False,186,2.5,1,1,0,Medium,3,Frisco,TX,1100,2100,0
523,eL0fRp3FvuPsSkB7iAWnwA,True,False,86,4.0,1,1,1,Medium,3,Frisco,TX,1600,0200,0
524,7ZPkCIH9HsUQXmVl3ZOuQQ,True,False,82,4.0,1,1,0,Medium,3,Frisco,TX,1100,1430,1
525,5zrELQaB9973nlot4_QbFg,True,False,99,4.0,0,1,0,Medium,3,Frisco,TX,1100,2100,0
526,qUOjUzjJtscXJ_osgY-1Hg,True,False,44,4.0,1,1,0,,3,Frisco,TX,1130,1430,1
527,Q7DVhWpvQ0-8oefFfx2I5w,True,False,87,4.0,1,1,0,Medium,3,Frisco,TX,1130,2200,1
528,y4WjFhNHRyS7T2Z0XtKg9Q,True,False,167,4.5,1,1,0,Medium,3,Frisco,TX,1030,2100,1
529,HN_pEb1xZdlycOAZE6v8oA,True,False,39,4.5,0,1,0,,3,Frisco,TX,1100,1500,1
530,NnFTfgKHNp8BuinJlvdvJA,True,False,286,4.5,0,0,0,,3,Frisco,TX,1130,2300,0
531,Al0o9RvsT6NqsBb4OODExg,True,False,447,4.0,1,1,0,Medium,3,Frisco,TX,1130,1430,0
532,KL9l---bXP4uOxPeoPyz7w,True,False,193,4.5,1,1,0,Low,3,Frisco,TX,1000,1800,0
533,CMan4wBFgqD9Hq3mvVuCrA,True,False,92,3.0,0,0,0,Medium,3,Frisco,TX,1000,2200,0
534,sPUbrRvGAPa4urHB0_6rmg,True,False,311,4.0,0,0,0,Medium,3,Frisco,TX,1100,2200,0
535,D1dLze9zWlAcVL4YtvIZMg,True,False,105,4.0,1,1,0,Medium,3,Frisco,TX,1030,2100,1
536,EljhY-U94IgJ3785_smhcw,True,False,156,4.5,1,1,0,Low,3,Frisco,TX,1100,2100,0
537,5zHiHDlInqxBuldqlrUZvQ,False,False,13,3.0,0,0,0,,3,Frisco,TX,1100,1800,0
538,2bhoiJBB-ZTffL5wxbZdSg,True,False,22,4.0,1,1,0,,3,Frisco,TX,1100,2000,0
539,VLh42MUV2YqMmJIDQDt3YQ,True,False,245,3.0,1,1,0,Medium,3,Frisco,TX,1130,2130,1
540,BRj76UFQ7QzTyaXckVOGbA,True,False,325,4.5,0,1,0,Low,3,Frisco,TX,1200,2200,0
541,1iO8M-Ht1qcIw6tikdOJqg,True,False,51,3.5,1,1,0,Low,3,Frisco,TX,1000,2100,0
542,eoBID5gflQpb5P2APgq3Fg,True,False,167,4.5,0,1,0,Low,3,Frisco,TX,1000,2100,0
543,StxZMBAQIuVQ2Vr8YFk1gQ,True,False,129,4.0,1,1,0,Low,3,Frisco,TX,1100,2200,0
544,aeoqxRcfBMJpVzfp5BsR2g,True,False,79,3.5,0,1,0,Low,3,Frisco,TX,1100,2100,1
545,NdCB1MWnyBj62szCbM3fAg,True,False,20,4.0,0,0,0,Low,3,Plano,TX,0000,0000,0
546,kCgeadOYxcOeK-gvPGQheA,True,False,29,3.5,0,0,0,,3,Plano,TX,1100,2100,0
547,W2gGOTTJ1Clcm_ek1Gbhjw,True,False,126,3.5,1,1,0,,3,Plano,TX,1100,1500,1
548,8v8xl7zv2_784ZpVjyExfg,True,False,120,3.5,1,1,0,Medium,3,Plano,TX,1000,2200,1
549,L8tVIcR-i6G292gRoicOmg,True,False,92,3.0,1,1,0,,3,Plano,TX,1100,2200,0
550,7ISNR8GB199a2EfU3LfvQw,True,False,53,3.0,0,0,0,Medium,3,Plano,TX,0700,2300,0
551,oXcxeAshQbcKYdj1CLnLRA,True,False,13,2.5,1,1,0,Low,3,Plano,TX,0900,2200,0
552,uH0cNrCQHQOOzY423GxHHQ,True,False,10,3.0,1,1,0,Low,3,The Colony,TX,0900,2200,0
553,kbnot1kG_1S41XSC72WtMg,True,False,161,4.0,1,1,0,Medium,3,Frisco,TX,1100,0000,1
554,YeDaKmr_gPRnNM8c-j1PfQ,True,False,96,4.0,1,1,0,Low,3,Frisco,TX,1100,2000,1
555,isjmPIkJIqYUxmtzNNoL2w,True,False,135,4.5,1,1,0,Low,3,Frisco,TX,1100,1500,1
556,aXoV3PWOd5Y6uTYksUjHbQ,True,False,228,4.5,1,1,0,Medium,3,Frisco,TX,1030,2030,1
557,OZWDD29Scf5398rZtZUI-g,True,False,87,5.0,1,1,0,,3,Frisco,TX,0730,1500,1
558,rq28ApqJTfjQykOp4IMs5Q,False,False,1,1.0,0,0,0,,0,Frisco,TX,,,0
559,Bge0sonT778EZ2O28U_TZQ,True,False,6,2.5,0,1,0,Medium,3,Frisco,TX,0700,1600,0
560,v0IGu9WM286lyj4m0AJI8w,True,False,18,4.5,1,1,0,,3,Frisco,TX,0700,1100,0
561,ZJflcNC3kCGSrlUtmuNWSg,True,False,730,4.0,1,1,0,High,3,Frisco,TX,1600,2200,1
562,jvJH9kRzNCnKu_Oatg0nTw,True,False,246,3.0,0,1,0,Medium,3,Frisco,TX,1100,2300,1
563,naa4IFuxAONqP9be4SAERQ,True,False,1,2.0,0,0,0,,3,Frisco,TX,1700,2300,0
564,CfDcp7LFygP-G4DM_RHHDQ,True,False,1168,4.5,0,1,0,Medium,3,Frisco,TX,1100,2100,0
565,3j5xiowOQaDDMF6Z34nGMw,True,False,50,4.0,1,1,0,Medium,3,Frisco,TX,1100,0000,1
566,RvKyDMJRW2Wkhaow2_bH8A,True,False,320,4.0,1,1,0,Medium,3,Frisco,TX,1100,2200,0
567,NHNooFGocSwzh5zpI61kXA,True,False,531,4.0,0,0,0,Medium,3,Frisco,TX,1100,2100,0
568,kKu7nSF9fU8dLp9nZR9uVg,True,False,178,4.0,1,1,0,Medium,3,Frisco,TX,1100,2000,0
569,TGZi6fhAw2CrqJhNFNHJBw,True,False,92,3.5,0,0,0,Medium,3,Frisco,TX,1130,1430,1
570,yMxxZRtOcF1qvra5zAKESg,True,False,392,3.5,1,1,0,Medium,3,Frisco,TX,0700,2000,0
571,hyUtqLeuOmGMKJqnvyWt8A,True,False,70,4.5,0,1,0,Medium,3,Frisco,TX,1100,2000,0
572,-bU1PK5JPuBKaN94LbDbGQ,True,False,119,4.5,0,1,0,Low,3,Frisco,TX,1000,2200,0
573,1grej05ylLHHBGlDyGchaw,True,False,269,3.5,1,1,0,Medium,3,Frisco,TX,1130,1430,0
574,R6I8WufTczcbT7RCNHiQgw,True,False,501,4.0,1,1,0,Medium,3,Frisco,TX,1100,2100,0
575,xTE0ZQuy561cs_pH2Asnqg,True,False,18,3.5,1,1,0,,3,Frisco,TX,1130,2000,1
576,OiM40KD8dYeUx0nJnZ7cqQ,True,False,4,3.5,0,0,0,,3,Frisco,TX,1600,2200,0
577,vPm9rtJ8ls6jDxdNidSnlA,True,False,724,3.0,0,1,1,Medium,3,Frisco,TX,1100,2200,0
578,kfy9Z4oNUQecv7iMpYiTwQ,True,False,533,4.0,0,1,0,Medium,3,Frisco,TX,1100,1500,0
579,xTgSlxrW71cNV9FMVL-CKA,True,False,140,4.5,1,1,0,Low,3,Frisco,TX,0700,2100,0
580,PPKfdbAZLW3UbfbjrJtLlQ,True,False,407,3.0,1,1,0,Medium,3,Frisco,TX,1130,1430,0
581,TsAkeXoWijRbZlE6tebcIg,True,False,72,3.0,1,1,0,Medium,3,Frisco,TX,1100,2100,1
582,EJfRkGk3tjit4WvGrR78og,True,False,10,4.0,1,1,0,,3,Plano,TX,1130,2130,0
583,GV3PsW3rOrBRiIKZGBu97g,True,False,407,4.5,0,1,0,Medium,3,Plano,TX,1100,1530,0
584,o-6bLgIV1iy_vEVjy-bZgw,True,False,76,3.0,1,1,0,Medium,3,Plano,TX,1100,0000,0
585,kZ932TA8tWlt0H54nGR2zg,True,False,249,3.0,0,1,0,Medium,3,Plano,TX,1100,1500,0
586,3VayAUKOZjafXyHoaXQ6fw,True,False,42,3.5,1,1,0,Medium,3,Plano,TX,1100,1430,1
587,oQULVCaZqf4YUwmJOjXJIw,False,False,8,3.0,0,1,0,,3,Plano,TX,1000,2200,0
588,3_qHy2eIKfXlSuwRfuA8Hw,True,False,38,2.0,0,1,0,Low,3,Plano,TX,0800,2300,0
589,AQ7enmSJNGmGVs5TD7LLOA,True,False,1,5.0,1,1,0,,0,Plano,TX,1030,2300,1
590,h3bECdKPJFUySL8dNyj1nw,True,False,108,4.0,1,1,0,Medium,3,Plano,TX,1100,2130,0
591,STpKf7W9XcAYfKxm4ezIFQ,True,False,94,3.0,1,1,0,Medium,3,Plano,TX,1000,2200,1
592,TzpVCMjAuviinx8Zqn_wuQ,False,False,13,2.0,0,0,0,Low,3,Plano,TX,,,0
593,eZMjL0KdCbgHWyoVp536KA,False,False,35,2.5,0,0,0,Medium,3,Plano,TX,1000,2200,0
594,wc3umQSpEccd8CFJM3OOaQ,True,False,107,4.5,1,1,0,Low,3,Allen,TX,0700,2000,0
595,X430LURLrWV9biYin0Jgeg,True,False,86,4.5,1,1,0,Medium,3,Plano,TX,1200,1500,0
596,67xj6pgP_qE3tqBWrRHimg,True,False,62,2.5,1,1,0,Low,3,Plano,TX,1030,2200,0
597,RrQcMesIU_97od3SXnO4pg,True,False,39,2.5,0,1,0,Low,3,Plano,TX,0500,0000,0
598,g5ruqXTckS7RVKeXC51xcg,True,False,25,2.5,0,1,0,Low,3,Allen,TX,0800,0100,0
599,kVScf0mfeqxdQr2Rt7CqGA,True,False,39,2.5,1,1,0,Low,3,Plano,TX,1030,2200,0
600,E6X6xZjo5GRGls8pBcmfzA,True,False,40,4.5,1,0,0,,3,Allen,TX,1100,2000,0
601,z0MZ0JVgg7_yOJ8wS6XPHA,True,False,43,3.0,1,1,0,,3,Allen,TX,1130,1500,0
602,PWdsdUAcl5ub8DXUz7AUHQ,True,False,47,4.5,1,1,0,Low,3,Allen,TX,1700,2130,0
603,H2H4tShOfQZ9AKsI8t1Rwg,True,False,15,1.5,0,1,0,Low,3,Allen,TX,1000,2300,1
604,-9SaDG6Ndccgchsri7FJGw,True,False,9,2.5,1,1,0,Low,3,Allen,TX,0900,2200,0
605,lS3aVLxV9-fiAtGUTj05Qg,False,False,1,3.0,0,0,0,,0,The Colony,TX,,,0
606,4bfYHBInIk6B60BJvY8WqQ,False,False,8,1.5,0,0,0,Low,3,The Colony,TX,1100,2200,0
607,1zOp-W9-HW5AGE6eg5eQ9w,True,False,138,4.0,1,1,0,Medium,3,The Colony,TX,1630,2100,0
608,GYmFR0Eckx9DKNZWHk6lFQ,False,False,63,2.5,1,1,0,Medium,3,The Colony,TX,1100,2200,0
609,xs7DCeaEbK0-dXjRgkVlwg,True,False,24,4.0,1,1,0,,3,The Colony,TX,1100,2200,0
610,P_JEgS5iMC8VqI9H58wIWg,True,False,27,4.0,1,1,0,,3,Frisco,TX,1100,2100,0
611,_r0Aat8yGRQBcJ-URzjwfw,True,False,7,4.5,0,1,0,,3,Frisco,TX,0600,2300,1
612,Oc2oe5lU_j-Gp3rRKA5ZBA,True,False,13,3.5,0,0,0,Medium,3,Frisco,TX,0630,1030,1
613,dX3-4nnczSFxlrAU06x-PQ,False,False,2,3.0,0,0,0,,0,Frisco,TX,,,0
614,TH4FSBYZHDb6Bkvo_NUTaw,True,False,8,4.5,0,0,0,,3,Frisco,TX,0600,1000,0
615,_GvII7semYQHGuFItlFoxA,True,False,31,5.0,0,0,0,,3,Frisco,TX,,,1
616,kkG9Ub4bqKMcOS8NjRG_2w,True,False,153,4.5,1,1,0,Medium,3,Plano,TX,1100,2200,0
617,ECJSJo48XjK9nz5xu1ut1Q,True,False,11,4.5,0,0,0,Medium,3,Plano,TX,0700,0000,1
618,Mz9JxtkFRffSEmO1bKEQbQ,True,False,789,4.5,0,1,0,Medium,3,Plano,TX,1100,2300,1
619,cmi1LffsFyRyO7wJ2fesmg,True,False,1247,4.0,1,1,0,Low,3,Plano,TX,0800,2100,0
620,LOTjxKVKbfnSnfwfQ5jV0w,True,False,388,4.0,1,1,0,Medium,3,Plano,TX,0700,2200,0
621,2a6RITg2Z4v3f9CFenNVIQ,True,False,195,3.5,0,1,0,Medium,3,Plano,TX,,,0
622,gs24_Qf_1eN8aNvReqp7Vg,True,False,316,3.5,1,1,0,Medium,3,Plano,TX,1100,2100,0
623,yFhHi-2NQL45W7dwu3zs8w,True,False,651,4.0,1,1,0,Medium,3,Plano,TX,0630,1400,1
624,whEjz4CSMkfo-XRxy8vkbw,True,False,195,4.0,0,0,0,Medium,3,Plano,TX,0700,1400,0
625,-vOUERTHJcICrD6do77NSQ,True,False,52,4.5,0,0,0,,3,Plano,TX,1100,1500,1
626,8Jb_skztzszhHiHBsYoF0g,True,False,514,3.5,1,1,0,Medium,3,Plano,TX,1100,2200,0
627,6O3DF4Zy9YlkQjCjSjplHg,True,False,314,4.0,0,1,0,Medium,3,Plano,TX,1100,1400,1
628,t8Pb0_xMN5f_adUbitKE9Q,True,False,153,4.0,0,1,0,Low,3,Plano,TX,0700,2100,0
629,XkTG6ilGwHEmJ_fLI6KN1A,True,False,365,3.5,1,1,0,Medium,3,Plano,TX,1100,2130,0
630,vBEBY-rR6QK96b4pao2SRQ,True,False,9,5.0,0,0,0,,3,Plano,TX,1000,1900,1
631,FhLnYcXY5VVallPb74NanA,True,False,138,4.0,1,1,0,,3,Plano,TX,1030,2200,0
632,yXc7InaJ37Mh9c8QaRd8VQ,True,False,187,3.5,1,1,0,Medium,3,Plano,TX,1030,2300,0
633,cDIUUkOB4JtV86PQRPpvsQ,True,False,118,2.5,1,1,0,Medium,3,Frisco,TX,1100,2200,0
634,Dv4WjkcFLJPbRdQlCQrprg,True,False,231,2.5,1,1,0,Medium,3,Frisco,TX,0700,2200,0
635,9fn4XXC760FstUGGyOkjHg,True,False,60,3.5,0,0,0,Low,3,Frisco,TX,0930,1900,0
636,y9O3ZBcWQ0WQCoD4psD4ig,True,False,131,3.0,0,1,0,Medium,3,Plano,TX,1100,2100,1
637,ivpG_AY-HdBh3VDrdz2aqQ,True,False,96,2.5,0,0,0,Low,3,Frisco,TX,1100,2200,0
638,61iY8WwaOPWo2i5ewXpXLg,True,False,1211,4.0,1,1,0,Medium,3,Plano,TX,1100,0000,0
639,bD3Zk_Qd_pZeckdXzDlrYA,True,False,35,4.5,0,0,0,,3,Plano,TX,1600,2200,0
640,GUYRcfd-496Zxj7Vo3I6OQ,True,False,92,3.5,1,1,0,Medium,3,Plano,TX,1030,0000,0
641,lSsHJLOwlV28rLPmqni9Hw,True,False,126,4.0,1,1,0,Medium,3,Plano,TX,1100,2300,0
642,vZ7Ycb8r0Vr_joGuq86nFA,True,False,71,3.0,1,1,0,Medium,3,Frisco,TX,1100,2200,0
643,LI4Pno4pCXwqXHHhZoIw2Q,True,False,451,4.0,1,1,0,Medium,3,Plano,TX,1730,0200,0
644,P-nmEhRKXLKnAaBOtx4ENA,True,False,546,4.5,1,1,0,High,3,Frisco,TX,1630,2100,0
645,voD4poR-Wv1YqDZvjUSoEQ,True,False,31,4.5,1,1,0,Medium,3,Plano,TX,1100,2200,1
646,O0d4wJG2HcD0q-DA2YqMZw,True,False,245,3.0,1,1,0,Medium,3,Frisco,TX,1100,0000,0
647,02W08EcIRmmfk_BSmfMxSA,True,False,233,4.0,1,1,0,Low,3,Plano,TX,1100,2100,0
648,3Rzq5eGRz2OZMHMD1ZJg1w,False,False,99,4.5,1,1,0,,3,Plano,TX,1100,2200,0
649,IMRLaETu6zPA5_wN4bSWZw,True,False,127,4.0,1,1,0,Medium,3,Plano,TX,1100,0300,1
650,SiPbYLdiqoW9Xfcolj2t6A,True,False,308,4.5,0,1,0,Medium,3,Plano,TX,1130,1400,0
651,-zrSJe-66SLHvRxx21dW6w,True,False,472,4.0,1,1,0,Medium,3,Plano,TX,1100,2000,0
652,Sep2VU-6pMn11oFz45a2rg,True,False,372,4.0,1,1,0,Medium,3,Plano,TX,1100,2100,0
653,nNjlelXOZObSH2JBmHUbHw,True,False,38,4.0,0,1,0,,3,Plano,TX,1100,2100,0
654,es_tw1e8vz7vzhN9z6u1rQ,True,False,195,4.0,1,1,0,Medium,3,Plano,TX,1100,2100,1
655,Mk1u7X-QN6xMLdb69rX7uw,True,False,33,4.0,0,0,0,Low,3,Plano,TX,1200,2100,1
656,tpu4dmnf0n7AIrharg8Dmg,True,False,148,3.0,1,1,0,Medium,3,Frisco,TX,1130,1500,1
657,LemlCQPaGgIrCTPIst0fKg,True,False,8,2.0,0,1,0,,3,Frisco,TX,,,0
658,xGG3_va7-p2XDgSeg1g3fQ,True,False,20,4.0,1,1,0,Medium,3,Plano,TX,1100,2200,1
659,9ym7Z3fh-lcb3PCSPG3tJg,False,False,20,3.0,1,1,0,,3,Plano,TX,1100,0200,0
660,KtPGQcyg-y_WsNoW7ynlUQ,True,False,166,2.0,1,1,0,Low,3,Frisco,TX,0000,0000,0
661,BePzmytaaSUDQdFs8emMig,True,False,216,3.5,1,1,0,Medium,3,Frisco,TX,1100,1400,1
662,vBcQFP5cvt7eV95DdvKZ0g,True,False,98,4.5,1,1,0,Low,3,Frisco,TX,1200,2300,0
663,xnXELLGta6saAzh5XCylMw,True,False,330,2.5,1,1,0,Medium,3,Frisco,TX,1100,2130,0
664,SImwObdVNj5NwKdW-jpuuw,True,False,59,3.0,1,1,0,,3,Plano,TX,1100,2200,0
665,t1OFpyRxngMWGNgI293XsQ,True,False,16,4.0,1,1,0,,3,Plano,TX,1100,1900,1
666,CgWUvlyRs6EB_v48xCbhjw,True,False,241,3.5,1,1,0,Medium,3,Frisco,TX,1100,2200,0
667,q9Kzn-jk4aoQ3OAm--rItA,True,False,193,3.5,1,1,0,Medium,3,Plano,TX,1000,2200,1
668,AlX7rMLA8Gc5P66UE0OonQ,True,False,4,1.5,1,1,0,,3,Frisco,TX,1000,2100,1
669,uRWKgKt86pij6a4-HrdMAg,True,False,208,3.5,1,1,0,Medium,3,Plano,TX,0700,0200,1
670,1PrS8o8ROv0ssLUA7lHh6g,True,False,149,4.0,0,1,0,Medium,3,Plano,TX,1300,2200,0
671,ReNCXkmjTZ34mdT6Z5lkwg,True,False,289,3.5,1,1,0,Low,3,Frisco,TX,0700,2200,0
672,byUtTxo_PfHSWpEV_zGTHA,True,False,47,2.0,0,1,0,Low,3,Plano,TX,0800,0200,0
673,AW2IHTSRCu69cEI9klJIMg,True,False,52,2.5,1,1,0,Medium,3,Plano,TX,1030,2200,0
674,5y8ImahTyoCMIxMRABr1ZA,True,False,431,4.0,0,0,0,Low,3,Frisco,TX,1030,0100,0
675,q_3jGUfM5Y9aqg5V2aDqxg,True,False,57,4.0,1,1,0,Low,3,Plano,TX,1000,2200,1
676,iWv2_dkxehghYqmkd2qY7Q,True,False,30,3.0,1,1,0,Low,3,Plano,TX,0900,2330,0
677,CX6_fsVSufbkUY70mB86bQ,True,False,40,2.0,1,1,0,Low,3,Plano,TX,1030,2300,0
678,Src3ef2xHd2CuOaz2-eV9A,False,False,3,2.5,0,1,0,,0,Plano,TX,,,0
679,hgjebDDc1vxd0Rg8v0fCbA,False,False,72,4.0,1,1,0,,3,The Colony,TX,1100,2130,0
680,RgHVlb9ef5oiy7wR38Okxg,True,False,35,2.5,0,0,0,Low,3,The Colony,TX,1000,0000,0
681,vScAfQ7DUYR72ULnsj86dA,False,False,1,2.0,0,0,0,Low,1,The Colony,TX,,,0
682,A6ATZ-qAPpK5ee0egKMAdQ,True,False,146,4.5,1,1,0,Low,3,The Colony,TX,1500,2100,0
683,aqK1TjojzmS_GrTaA2oLkA,True,False,94,5.0,0,1,0,Low,3,The Colony,TX,0600,1300,0
684,n97FN42b-OL2vaC5l7H6bA,False,False,44,2.5,1,1,0,Low,3,The Colony,TX,1100,0200,0
685,FFIQIS6BkguhKfUwnoy-AA,True,False,2,3.5,0,0,0,,3,Frisco,TX,0630,1000,1
686,AaJYEkGaXwCpGXOD_4_O5w,True,False,586,4.5,0,1,0,Medium,3,Frisco,TX,1115,1430,0
687,sDz-KIeqgHYITNl2GM7Z6A,True,False,1236,4.5,0,0,0,Medium,3,Frisco,TX,1100,2100,0
688,-fCEkt9eboVQrjuM2XbWww,True,False,817,4.0,1,1,0,High,3,Frisco,TX,1600,2200,0
689,jEApzbFwsHjqyIjrJFGYtQ,True,False,89,4.5,1,1,0,Medium,3,Frisco,TX,1100,2100,0
690,3owTR9nCGRpEx9w5fqai3g,False,False,7,3.5,1,1,0,,3,Frisco,TX,,,0
691,7zZC-vj8LSkbBPT7fLP3cg,True,False,321,3.5,0,1,0,Medium,3,Frisco,TX,1100,2200,0
692,GdoOYUGHnfHZ-Fi9t8ftww,True,False,302,4.0,1,1,0,Low,3,Frisco,TX,0700,1900,1
693,5c1hPEl9jH5lK1VfLSeEfw,True,False,1702,4.0,0,1,0,Medium,3,Plano,TX,1100,2200,0
694,-1ehfpe4BEGQSRwmOtytaA,True,False,50,4.0,0,0,0,Medium,3,Plano,TX,1000,2100,0
695,QLYxzqZyvRNYdMQXVwsilQ,True,False,56,4.5,0,0,0,,3,Plano,TX,1100,2100,1
696,rT1uBjftW4GAXJUS2GW3pA,True,False,1163,4.0,1,1,0,Medium,3,Plano,TX,0900,2300,1
697,jv9tCB0-XP3E1ToE_kESSg,True,False,26,3.5,0,0,0,,3,Plano,TX,1100,2100,0
698,K30mk8uDW2EVAbqHeLxjUQ,True,False,113,4.0,0,0,0,Low,3,Plano,TX,1100,2100,0
699,0lBMAhaYMjJn6hif_wHdAQ,True,False,464,4.0,1,1,0,High,3,Plano,TX,1100,1500,0
700,NnhmirXY45qcKOxLsMDY0g,True,False,233,4.0,1,1,0,Medium,3,Plano,TX,1100,2100,1
701,arrOJBiqOsQ-zBx1tXntiw,True,False,208,4.5,0,0,0,Medium,3,Plano,TX,1000,2100,0
702,e0W3Z_Wuwf1yf38vTQ0b6A,True,False,32,4.0,0,0,0,,3,Plano,TX,1100,2100,0
703,71tAn1cSyEieiYKgs_oJYw,True,False,30,3.5,0,0,0,,3,Plano,TX,1100,2130,0
704,_G7hGWuaK-KRqYVGuH-OLw,True,False,17,4.0,0,0,0,,3,Plano,TX,1100,2100,0
705,B0I8ykB_GXHH7MmGY2JwSA,True,False,42,4.0,0,0,0,Medium,3,Plano,TX,1100,2130,1
706,3J85R-8OD7qTD8GcsFOtXA,False,False,5,3.5,0,0,0,,3,Plano,TX,,,0
707,eNwam9V9mTo3zU4gaA730w,True,False,66,3.5,0,0,0,,3,Plano,TX,1030,2100,1
708,R6S3ZQnsHz5iSDGsh0fcag,True,False,6,3.5,0,0,0,,3,Plano,TX,1100,2200,1
709,WCqWlOTMcbQTs45Uu7pT2Q,True,False,81,3.0,0,0,0,Low,3,Plano,TX,1000,2100,0
710,Y_-ItYDjjf-gr8ESpenkAQ,True,False,61,3.5,0,0,0,,3,Plano,TX,1000,2100,1
711,MPqYvejBfvQ8y-H7IztWAg,True,False,47,3.0,1,1,0,,3,Plano,TX,1100,2200,0
712,KBUHDw9cQdVLtLumeBcu4w,True,False,8,2.5,1,1,0,,3,Plano,TX,1100,2100,1
713,-bA5MchNJM-QypJ7FcNtYg,False,False,1,1.0,1,1,0,,1,Plano,TX,1100,2100,0
714,Ze9xD_EevRAKQBtmzGZa6A,True,False,176,4.5,1,1,0,,3,Plano,TX,1100,2100,0
715,joyHADqN2fQfQX3XNvPfQQ,False,False,15,4.5,0,0,0,,3,Plano,TX,,,0
716,zBHAYgiHY7sHqWw5rrWzUg,True,False,453,3.0,1,1,0,Medium,3,Plano,TX,1100,2100,1
717,uyOCI2LjY9es9MEZRrvO8A,True,False,16,4.0,0,1,0,Medium,3,Plano,TX,0630,1330,0
718,hzdZUDhsqen-lzylMgAZlw,True,False,189,3.0,0,1,0,Medium,3,Plano,TX,1100,2100,0
719,8Qsd-RdR90QOZdUpG30-fg,True,False,8,5.0,0,1,0,,2,Plano,TX,,,0
720,LrkTN-oSrPf6dNivwaK_hw,True,False,6,4.0,1,1,0,Medium,3,Plano,TX,0730,1500,1
721,Z9ejlDeudZqQ1rD0Ae1X3g,False,False,1,4.0,0,0,0,,3,Plano,TX,,,0
722,0ajlW74wmDzyGFwwqQ7w3g,True,False,53,4.0,1,1,0,Low,3,Plano,TX,1000,2100,0
723,nFZ5Nk6vMh1fvE6YqVexrg,True,False,650,4.0,1,1,0,Medium,3,Plano,TX,1100,0200,0
724,VMCTIvRhtNUFZFiKTcnlMQ,True,False,379,4.0,1,1,0,Medium,3,Plano,TX,1200,2130,0
725,ikFdQNBF2klt1qxZ7IS8Vw,True,False,189,4.0,0,1,0,Medium,3,Plano,TX,1100,1500,0
726,PP_Aqo-FuKPQcM1s6AelXw,True,False,181,4.0,0,0,0,Medium,3,Plano,TX,1630,2100,1
727,H9FhKrox5np9_2n0OfZgyA,True,False,155,4.0,0,1,0,High,3,Plano,TX,1100,2100,0
728,HwX6g_kmpJTSKD71M-Y3oQ,True,False,299,4.0,1,1,0,Medium,3,Plano,TX,1100,2100,1
729,WCbEUZkwPtJaWHGkqZSjcg,True,False,14,4.5,0,0,0,,3,Plano,TX,,,1
730,U0bNPDmJuKnc9I5KR3nrZQ,True,False,18,3.0,0,1,0,Medium,3,Plano,TX,1600,2200,1
731,1KLl03kQJT8otvpUdRLwVA,True,False,532,2.5,1,1,0,Medium,3,Plano,TX,1100,0000,0
732,wj9wzw4hHv5X3h_Y1Y43MQ,True,False,84,3.5,1,1,0,Low,3,Plano,TX,1000,2100,0
733,JoiJT-ig0ikZuT4zDIzJMw,True,False,226,3.5,1,0,0,Medium,3,Plano,TX,1100,1430,0
734,vlaXN9-eRlgmpvOvTTQdng,False,False,1,5.0,0,1,0,,0,Plano,TX,,,0
735,VRtEgQCGFGKWO0B_bmiDQw,True,False,170,2.5,1,1,0,Medium,3,Plano,TX,1100,2030,0
736,N8uql1IhGeD0Fwe-uRU53g,True,False,125,3.5,1,1,0,Low,3,Plano,TX,1030,2130,0
737,7xS1tAErcqFwwrT_FYiSjg,True,False,165,3.5,1,1,0,Medium,3,Plano,TX,,,1
738,BAbR7fkjpMn7VuqCkX7Psg,True,False,233,2.5,1,1,0,Medium,3,Plano,TX,1100,2100,0
739,uiZn7YAIzeKmAAxMZlUtnw,True,False,8,4.5,0,0,0,,3,Plano,TX,1600,2100,1
740,yqLWNq0OKoSYrmqYu51-sQ,True,False,386,2.5,0,1,0,Medium,3,Plano,TX,1030,2200,0
741,sy114dVm4JV1uWOciIF-KA,True,False,136,2.5,1,1,0,Medium,3,Plano,TX,1130,1500,0
742,Gs5itwDizu1DoPaYNFcxYw,True,False,250,3.5,1,1,0,Low,3,Plano,TX,1100,2100,0
743,HeqS3ubwRtxOk0DEBrWqVg,True,False,595,4.0,0,0,0,Low,3,Plano,TX,0700,2000,0
744,Db1RvODC5y4DyKC0LPpanQ,True,False,256,4.0,1,1,0,Medium,3,Plano,TX,,,0
745,9pfwW8MvEWgFUjN2HQD7JQ,True,False,203,4.0,1,1,0,Medium,3,Plano,TX,1100,2100,0
746,rWk2uM_nXWJe1J5TddcU-w,True,False,42,2.5,1,1,0,Low,3,Plano,TX,0600,2300,1
747,UoTPPOD1tB6emq8yfhkHHA,True,False,18,2.0,1,1,0,Low,3,Plano,TX,0900,2200,0
748,ildn15RPc2Z5-96pkUdmNg,True,False,45,4.0,1,1,0,,3,Plano,TX,1030,2200,1
749,C5BeHjwUnTZKsJC-6VeC8w,True,False,126,3.0,1,1,0,Medium,3,Allen,TX,1100,2100,1
750,un--SdbtI7YXC4HeMhyOFg,True,False,23,4.0,0,1,0,Medium,3,Plano,TX,1100,2000,1
751,Gwad2kmWrkGRoG0fe6_0Gg,True,False,14,4.5,0,0,0,,3,The Colony,TX,1100,2000,0
752,cFg3OuME3nNjFhlrAdx7yg,False,False,1,5.0,0,0,0,,0,The Colony,TX,,,0
753,0stvkgthyTTqMl2gHBrk2g,True,False,116,4.5,0,0,0,Medium,3,The Colony,TX,1200,2000,1
754,k-UKMQWZ7Cs9o7z9KGXAhg,True,False,34,4.5,1,1,0,,3,Lewisville,TX,0630,1500,1
755,wyxkS13kG6o2OMijSuSolQ,True,False,15,4.0,0,1,0,,3,Lewisville,TX,1200,2000,0
756,YLaAQyt9detwubdLDXyBhQ,True,False,235,3.5,0,1,0,Medium,3,The Colony,TX,1100,2100,0
757,7OmKhqznZSzC4YQQaND2MA,True,False,13,4.5,1,1,0,,3,The Colony,TX,1030,2300,0
758,tnepbIVbFKZJErF0FGrtZA,True,False,41,2.0,0,1,0,Low,3,The Colony,TX,0800,0200,0
759,mdm7kpQLbJD3J-WxgYeLvA,False,False,18,4.5,0,0,0,Low,3,The Colony,TX,,,0
760,wPemPKnDZlW18VB1_NDW-A,True,False,52,3.0,0,1,0,Low,3,The Colony,TX,1100,2200,0
761,rhgcWzrX8zYmajGOS7ZBPw,True,False,39,4.5,0,0,0,Low,3,The Colony,TX,0600,2000,1
762,_0O77Ep6vDuCLX3Ma7tj8A,True,False,6,4.0,0,0,0,Medium,3,The Colony,TX,0000,0000,0
763,iUVerBjIRvHUJ4t_5MjmWw,True,False,37,2.0,1,1,0,Low,3,The Colony,TX,1030,2200,0
764,7Y3B42mFUJI0JCQUxFnqiw,True,False,55,2.5,1,1,0,Low,3,The Colony,TX,1030,2200,0
765,DXjW8Gar51vqK-5SP8TMuA,True,False,83,4.0,0,0,0,Medium,3,The Colony,TX,1000,2000,0
766,pLkI7rTVAF1tcKUxtPg-uQ,True,False,355,4.0,0,1,0,Medium,3,The Colony,TX,1100,2100,1
767,x9IdjGmsB51OVcwFwJROqg,True,False,64,4.0,1,1,0,Medium,3,The Colony,TX,1100,2130,0
768,S0oiIcLX1oycuI5vjse_Yg,True,False,28,3.0,0,0,0,,3,The Colony,TX,,,0
769,zBFjxv7dGdB5qnI1OB6a8g,True,False,53,4.5,0,0,0,,3,The Colony,TX,1700,2200,0
770,NqeSnJV2YQVz9E7wDD15Rw,True,False,194,3.5,0,0,0,Medium,3,The Colony,TX,1600,0000,0
771,Fy9vts4JG67xbXV81opL2Q,True,False,501,4.5,1,1,0,Medium,3,The Colony,TX,1100,2000,0
772,25SissFt07nu8D4jlSp2Bw,True,False,186,4.0,1,1,0,Medium,3,The Colony,TX,1100,2200,0
773,WOpEFjyd_9aH3tKngxZLpw,True,False,142,3.5,1,1,0,High,3,The Colony,TX,1130,2200,1
774,Fknrudb49wLWaaYI0CJYOw,True,False,245,3.5,1,1,0,Medium,3,The Colony,TX,1100,2200,0
775,0GC4fMs13jhUIM0rjqen2Q,True,False,195,3.5,0,0,0,,3,The Colony,TX,1100,2200,0
776,KbGVIC7XKkLY5bwtTVfGpA,True,False,29,4.5,1,1,0,Medium,3,The Colony,TX,1100,0000,0
777,KDq7vr7iTkL6kN18MEMiGw,True,False,140,3.5,1,1,0,Medium,3,The Colony,TX,1100,2300,0
778,GN4Y_ciDBDiGjv8TJAMUqA,True,False,219,3.5,1,1,0,Medium,3,The Colony,TX,1100,2130,0
779,e6jZo-1jRrx8gQ8MAUdylQ,True,False,92,2.5,1,1,0,Medium,3,The Colony,TX,1100,2100,1
780,xFzwCnbOmWUE_r4zDUts5w,True,False,92,3.5,1,1,0,Low,3,The Colony,TX,1130,2045,1
781,wrNNYaLz8vfqvKzafGjnQA,True,False,573,3.5,1,0,0,Medium,3,The Colony,TX,1500,2300,0
782,2h0AeH-Z02YaG6MUy8zRJA,True,False,5,3.5,1,1,0,,3,The Colony,TX,0700,2100,0
783,9Ua56Wkw6LmMndNGutBtHQ,True,False,17,3.5,0,0,0,,3,The Colony,TX,1100,0200,1
784,ZKUv7RFzJ-vrY5RSrGSyxg,True,False,94,4.5,1,1,0,Medium,3,The Colony,TX,1100,2100,0
785,GHUaiP_beS4BQiNsyhtyjQ,False,False,1,5.0,0,0,0,,1,The Colony,TX,,,0
786,3Q40CA5T8ev10dY4rhz7JA,True,False,60,3.5,0,1,0,Low,3,Plano,TX,0600,2100,0
787,twNVNiknrbxc3iwAz15rWw,True,False,4,2.0,0,1,0,Low,3,Plano,TX,0600,2100,0
788,GMig8rc2x9Y_Bl7tXF4wXg,True,False,57,4.5,0,0,0,Medium,3,Plano,TX,1100,0000,0
789,7Kn8g-hm_V_6TUIDfF5IIA,True,False,1023,4.5,1,1,0,Medium,3,Plano,TX,1130,2200,1
790,Wj71IYNYXPTeXiifvpJxhw,True,False,982,4.0,0,1,0,Medium,3,Plano,TX,1100,2200,0
791,FquUMNqS1wcQ4h-BngwRvw,True,False,1076,4.0,1,1,0,High,1,Plano,TX,1100,2300,0
792,RDx3dQfFGw9MGy_sJfmeTQ,True,False,65,4.5,1,1,0,Medium,3,Plano,TX,0800,2200,1
793,9gipDs4tb47SK0zTrCOBqA,True,False,1903,4.0,0,1,0,Medium,3,Plano,TX,1100,2200,0
794,AmnHxTCusvEleAtDD76p4A,True,False,21,4.5,0,0,0,Medium,3,Plano,TX,1100,2200,0
795,2Yj62Zx22IQO_8U00DUcWw,True,False,308,3.5,0,1,0,High,3,Plano,TX,1600,2300,0
796,okJLsY6V-YZocKR7ULezlg,True,False,146,3.0,0,0,0,Medium,3,Plano,TX,1100,0200,0
797,zGXLe-CZ6QTUtRZl5rfSKg,True,False,355,3.5,0,1,0,High,3,Plano,TX,1100,2200,0
798,hUMwdLyZFTSySHSJkdeKVw,True,False,607,4.0,1,1,0,Medium,3,Plano,TX,1100,2100,0
799,PlMinVhlJJdllFIIaJg_sg,True,False,211,4.0,0,0,0,Medium,3,Plano,TX,1045,2200,0
800,89xKouh2qfXqwkIQ7kBNgg,True,False,293,3.5,0,1,0,Medium,3,Plano,TX,1100,2200,0
801,ShcPPcYFPlfKAJOe1XaSVw,True,False,9,4.5,0,0,0,,3,Plano,TX,1100,1500,1
802,ai5EoQurQ2p62nWki63AvQ,True,False,23,4.5,1,1,0,Medium,3,Plano,TX,1100,1900,1
803,hyWh6hF047JlBYSQZtJ5pQ,True,False,25,3.5,0,1,0,,3,Plano,TX,0700,1100,1
804,yGEfIoLiZcRPr6fXAIqQBw,True,False,459,4.0,1,1,0,Medium,3,Plano,TX,1100,2100,0
805,PcUxrG2jbbsrNksa-rv4wQ,True,False,381,3.5,0,1,0,Medium,3,Plano,TX,1100,2130,0
806,f5SH8VGe08UNTuSqraZ85Q,True,False,26,4.0,1,1,0,,3,Plano,TX,0700,1700,1
807,wkHpLVptUXD4-EbvFEhefA,True,False,417,3.0,1,1,0,High,3,Plano,TX,1130,2200,0
808,C37T12bal2XCjcw1BwyPig,True,False,32,3.5,0,1,0,Medium,3,Plano,TX,1500,0200,0
809,4-AA8upb5-VG8t_o4cEw-Q,True,False,640,4.0,0,0,0,High,3,Plano,TX,1100,2100,0
810,bUg07AVkdt2HagDFbNv7bw,True,False,912,4.0,0,0,0,Medium,3,Plano,TX,1100,2100,0
811,V2kn1tg_tDrU2uQ4g5XBog,True,False,49,3.5,1,1,0,Medium,3,TX,TX,1100,2200,1
812,P5Fnpc3kiLhKEiAIi2-c4Q,True,False,453,3.5,1,1,0,Medium,3,Plano,TX,1100,2200,0
813,_NUk_uXP4SKAbwZQHTwUGQ,True,False,410,4.0,0,0,0,High,3,Plano,TX,1100,2200,0
814,B0C_xeso40xEZ3UNGpYfFA,False,False,173,4.5,0,0,0,,3,Plano,TX,1100,1400,0
815,SzvLc4Hq16k1PloXtbllkA,True,False,174,4.5,0,0,0,Medium,3,Plano,TX,0700,2100,0
816,SHzDmzr0K0tx_rzLavKx5w,True,False,31,4.0,1,1,0,Medium,3,Plano,TX,1100,2100,1
817,fr9rMkLY-jRztWrT8QgYmQ,True,False,451,4.0,1,1,0,Medium,3,Plano,TX,1100,0000,0
818,0SN1d0Oc_651WZ9fnDFxig,True,False,479,4.0,0,1,0,Medium,3,Plano,TX,1100,2130,1
819,kAhUtTyuLEb3xY4FGHKiOA,True,False,395,3.5,1,1,0,High,3,Plano,TX,1130,2100,0
820,m3PvfN8v47y7boK5t2CXeg,True,False,354,4.0,1,0,0,Medium,3,Plano,TX,1100,1430,0
821,D3_a3c9ngBvfHKWVQOZhog,True,False,169,3.5,1,1,0,Medium,3,Plano,TX,1130,1400,1
822,acB0ChFUxJpVTFVcJ2t_XQ,True,False,437,4.0,0,0,0,High,3,Plano,TX,1700,2100,0
823,tvO2ofDdgTkWrDyDHlTd3g,True,False,169,3.0,0,1,0,Medium,3,Plano,TX,1100,2200,0
824,JEThalxbd3QbmeyFpYtlRg,True,False,2,1.5,1,1,0,,3,Plano,TX,,,0
825,N0Wp7kut-SGcBNkZGhdZcA,True,False,129,3.5,1,1,0,Medium,3,Plano,TX,1100,0000,1
826,ANYckegJ6A9GjDT16Z-RBA,True,False,253,4.0,1,1,0,Medium,3,Plano,TX,1100,2100,0
827,FJAPln5z1Y85RpQsnLuRzg,True,False,157,3.5,0,1,0,Medium,3,Frisco,TX,1100,2100,0
828,UQBzqAQXl5UMeuJOWGtoJA,True,False,153,3.5,0,1,0,Medium,3,Frisco,TX,1100,2100,0
829,8ZvGnlrkf6yvvDgsC7s29w,True,False,217,3.5,1,1,0,Medium,3,Frisco,TX,1130,2130,0
830,AJx-DvDj1_COW8ku3Fbd5A,True,False,50,3.0,0,1,0,Low,3,Frisco,TX,1000,2300,0
831,oRK4Cvz7GdvfrE-6erT--g,True,False,234,4.0,1,1,0,Low,3,Frisco,TX,1000,1900,0
832,8EobQNL7qV37OmQbE-4Lxg,True,False,77,4.0,1,1,0,Low,3,Frisco,TX,1030,2100,0
833,ebMVbmC-0n82x-cq4NnO4w,True,False,57,2.5,1,1,0,Low,3,Frisco,TX,1030,2130,0
834,zI7_iCkVD85jpg15wrGEnQ,True,False,100,3.0,1,1,0,Low,3,Frisco,TX,0700,2000,0
835,wpb2Yf71dKmxE8HolljrKg,True,False,143,2.5,1,1,0,Low,3,Frisco,TX,1045,2200,0
836,04OCsRfOYh4O-PLJTEFceg,True,False,43,2.0,0,1,0,Low,3,Frisco,TX,1000,0100,1
837,b9zUxyuAZCPz3OXjykYVjQ,True,False,28,3.0,1,1,0,Low,3,Frisco,TX,0600,2300,1
838,nYMfkC12UQETXl-NXO1KFA,True,False,10,3.5,0,0,0,,3,Frisco,TX,1100,2100,0
839,cjlF7hRSWtikQJwvHySvUA,True,False,226,3.0,0,0,0,Medium,3,Frisco,TX,1100,2200,0
840,xUXwO2Tkny70Khz3MN-Kuw,True,False,161,3.0,1,1,0,Low,3,Frisco,TX,1100,2130,0
841,XxNR0okPVMefxN-XDBaTcg,True,False,29,3.0,1,1,0,,3,Frisco,TX,1130,2200,1
842,j7KJET9cwN_8qdw-S-83mQ,True,False,33,3.5,1,1,0,Medium,3,Frisco,TX,1000,2000,0
843,oibBVVdET2F3M6m_Pozvpg,True,False,225,2.5,1,1,0,Medium,3,Frisco,TX,1100,2200,0
844,Rt-2qjzpD8FhxKnT5Yzn3w,True,False,61,4.0,1,0,0,Low,3,Frisco,TX,1000,1900,0
845,Kw43zmxSVE6R2S3NYkrfzQ,False,False,2,4.0,0,0,0,,3,Frisco,TX,,,0
846,ZJQT8qHEMUEeVoR5sJ_xnw,True,False,31,3.0,0,1,0,Low,3,Frisco,TX,,,0
847,e1BEeNZcr0w1QJOUysT6zg,True,False,7,4.0,0,1,0,,3,Frisco,TX,1100,1900,1
848,Zm4b-zWNOWVnru2aLENOzg,False,False,2,2.5,0,0,0,,2,Frisco,TX,,,0
849,aWo2a28uJ1BPMQB7GfSMUg,True,False,9,3.0,0,0,0,,3,FRISCO,TX,1000,2000,1
850,6kko__Bv_9QrreUGte89jA,True,False,24,3.0,0,0,0,Low,3,Frisco,TX,1100,1900,0
851,4wC1ucrwHjtwNepKIIJNJg,True,False,15,3.0,1,1,0,Low,3,Frisco,TX,1000,2100,0
852,byi_VwH3BZrJIAm7_9nFsA,False,False,36,1.5,0,0,0,Medium,3,Frisco,TX,,,0
853,E35MHanbKc4vwPodgHs7ng,True,False,91,2.5,0,1,0,Medium,3,Frisco,TX,1030,0000,1
854,7MZ9A8phbfac39wCct9qUg,False,False,2,3.0,0,0,0,,2,Frisco,TX,1100,2000,0
855,pgTcAZlMyY_JBkFn3kw0RQ,False,False,7,2.5,1,1,0,,3,Frisco,TX,,,0
856,ZyLPQAyV4usZDWBAKT7l2Q,True,False,14,3.0,0,1,0,Low,3,Frisco,TX,1100,1900,1
857,IJRd9CkAFkCfCcrUH-LNng,True,False,10,1.5,0,1,0,Low,3,Frisco,TX,1100,1900,0
858,QA0dX5PjbTUBYN-zjV1zOg,True,False,2,1.5,1,1,0,,3,Frisco,TX,1100,2100,0
859,g3zH7bwfkfqZs2PXGECjJQ,False,False,7,1.0,0,0,0,,3,Frisco,TX,,,0
860,j37avD1FY1pr3aupWkCLUQ,True,False,13,3.0,1,1,0,Low,3,Frisco,TX,1000,2100,1
861,PMPWzhjo5vQ922o3ArQb0Q,True,False,1,1.0,1,1,0,,3,Frisco,TX,,,0
862,g1ZE_yso6z_5P3iDbEKHVA,True,False,1,4.0,1,1,0,,3,Frisco,TX,1100,2100,1
863,tHCCI0S5rsjAM_h9S7OqZg,True,False,1,1.0,1,1,0,,3,Frisco,TX,1000,2100,1
864,xXfAv99pscOkgqLTNj1s2w,False,False,17,2.0,0,0,0,Low,3,Frisco,TX,1030,0000,0
865,vXVwm1HnQIRi8UZ7kY6jCQ,True,False,1,4.0,0,1,0,,3,Frisco,TX,1130,2130,0
866,PCiTWqNtYXVATm2dAJPfIw,True,False,430,2.5,1,1,0,Medium,3,Frisco,TX,1100,2130,0
867,1aV716ltx_wnpCRQ2qqCxA,True,False,99,4.0,1,1,0,Low,3,Frisco,TX,1000,2200,0
868,JxpsuUnC5aiTsfw_d8TyHg,True,False,78,4.0,0,1,0,Low,3,Plano,TX,0600,2200,1
869,c4wsVWzJzi8aqCH-L0-S6A,True,False,2,1.0,0,1,0,,3,Frisco,TX,1100,2200,0
870,IFlKhRQeY02-DvYwyidWVg,True,False,216,2.5,1,1,0,Medium,3,Plano,TX,1130,1430,0
871,5igUwYCwr6uqtUZ91GZYKA,False,False,2,2.5,0,1,0,,3,Plano,TX,1130,1430,0
872,7rhEZOowuyG-tR0FKxRwsg,True,False,10,2.5,1,1,0,Low,3,Plano,TX,0900,2200,0
873,NI5oFUFtNud1XWtKmwpHkw,True,False,161,3.0,1,1,0,Medium,3,Plano,TX,1100,2200,0
874,kHWU8C2N7lVrSMcLhIBJ8g,True,False,9,4.0,1,1,0,,3,Plano,TX,1100,1500,1
875,WSJyrsPICp3Zgn9xku9FBA,True,False,100,1.5,0,1,0,Low,3,Plano,TX,0500,0200,0
876,9BaVzWkwvyGDqXzrhWPh-g,False,False,1,3.0,0,0,0,Medium,0,Plano,TX,,,0
877,Yb83MXgnK5MR-KEMd0PrZw,True,False,3,4.5,0,1,0,,0,Plano,TX,0730,1530,0
878,mDucdauYh9ZYXNXKpm-yPA,True,False,358,4.0,1,0,0,Medium,3,Plano,TX,1100,2200,0
879,T9OCOs5JyOv1PbHUFa8oEg,True,False,127,3.0,1,1,0,Medium,3,Plano,TX,1600,0000,1
880,S1QjC8q3VUiBTG5cOfb-xQ,False,False,18,4.0,0,0,0,,3,Plano,TX,,,0
881,d4g1LzxLJNzEJ5NmnV0WTQ,True,False,718,3.5,1,1,0,Medium,3,Plano,TX,1100,0000,0
882,DVZ9NxXqML-kOmUgUwwheA,False,False,45,2.5,0,0,0,,3,Plano,TX,1500,0000,0
883,fMzms4DlNscaHjjtC_uFsQ,True,False,438,3.0,1,1,0,Medium,3,Plano,TX,1100,2200,0
884,p-teu1Zk4UAFMUvxQ5vd2A,True,False,136,3.0,0,1,0,Medium,3,Plano,TX,1500,0200,0
885,2MF61JoLIFKvpT9P1Egl-A,True,False,424,3.5,0,1,0,Medium,3,Plano,TX,1100,2200,1
886,65LT-CAFf_sdZpzfAB8xWg,True,False,319,3.5,1,1,0,Medium,3,Plano,TX,1500,0000,0
887,QD9CCBP3zW5eMGrQ-pLozQ,True,False,487,3.0,0,1,0,Medium,3,Plano,TX,0700,2100,0
888,SjIPAWmmhRMsbDVnGbU34Q,True,False,211,3.5,0,0,0,Medium,3,Plano,TX,1500,2130,1
889,tw4b9_sbiPDSIRr9uxcqiw,True,False,121,3.5,1,1,0,Medium,3,Plano,TX,1100,2000,1
890,Ns_3CA-0JfKKzXOAVYWOhQ,True,False,131,4.0,0,0,0,Medium,3,Plano,TX,1100,2200,0
891,2pM19ps82tA6GhsR7Wav-g,True,False,436,2.5,0,1,0,Medium,3,Plano,TX,1700,0100,0
892,azu29xbMwwXSggNxGK8NTA,True,False,109,3.5,1,1,0,Low,3,Plano,TX,1045,2200,0
893,ouCXOe0T3gLxC0gxLnaMsA,True,False,97,3.0,1,1,0,Low,3,Plano,TX,0700,2100,0
894,0qMbPbGoKnySSK9wjJ4tiA,True,False,62,3.5,0,1,0,Low,3,Plano,TX,0700,2000,0
