"","is_claimed","review_count","rating","restaurant_category","pickup","delivery","reservation","price","State","messaging","Open_Breakfast","Open_Lunch","Open_Dinner","Open_Late"
"1",TRUE,127,"high","american",0,0,0,"Medium","TX",0,1,1,1,0
"2",TRUE,141,"high","asian",1,1,0,"Medium","TX",0,0,1,1,0
"3",TRUE,8,"high","american",1,1,0,"NA","TX",0,0,0,1,0
"4",TRUE,23,"high","latin",1,1,0,"Medium","TX",0,0,1,1,0
"5",TRUE,83,"low","asian",1,1,0,"NA","TX",1,0,1,0,0
"6",TRUE,8,"low","other",0,0,0,"NA","TX",1,0,0,1,0
"7",TRUE,178,"low","european",1,1,0,"Medium","TX",0,0,1,1,0
"8",TRUE,14,"low","american",0,0,0,"NA","TX",0,1,1,1,1
"9",TRUE,69,"high","american",1,1,0,"NA","TX",1,0,1,1,0
"10",FALSE,35,"low","american",0,1,0,"NA","TX",0,1,1,1,1
"11",TRUE,38,"low","american",0,0,0,"Low","TX",1,1,1,1,1
"12",TRUE,23,"low","american",1,1,0,"Low","TX",1,1,1,1,1
"13",TRUE,1,"high","desserts",0,0,0,"Low","TX",0,0,0,0,0
"14",TRUE,78,"high","american",0,0,0,"Medium","TX",0,1,1,0,0
"15",TRUE,50,"high","asian",0,0,0,"NA","TX",0,0,1,1,0
"16",TRUE,10,"low","american",1,1,0,"NA","TX",1,1,1,1,1
"17",FALSE,2,"high","american",0,0,0,"NA","TX",0,0,0,0,0
"18",TRUE,25,"high","mideastern",1,1,0,"NA","TX",0,1,1,1,0
"19",TRUE,190,"high","european",1,1,0,"Low","TX",0,0,1,1,0
"20",TRUE,51,"low","american",1,1,0,"Medium","TX",1,0,0,1,1
"21",TRUE,17,"low","asian",1,1,0,"NA","TX",0,0,1,1,0
"22",TRUE,168,"high","american",1,1,0,"Medium","TX",0,1,1,1,1
"23",TRUE,58,"low","american",0,0,0,"NA","TX",0,0,0,1,1
"24",TRUE,19,"low","american",0,1,0,"NA","TX",0,1,1,1,1
"25",TRUE,61,"low","latin",0,1,0,"NA","TX",1,1,1,0,0
"26",TRUE,33,"high","american",1,1,0,"NA","TX",0,1,1,1,0
"27",TRUE,58,"low","american",1,1,0,"Medium","TX",1,1,0,1,1
"28",TRUE,25,"low","latin",0,1,0,"Low","TX",0,1,0,1,1
"29",TRUE,22,"low","american",1,1,0,"Low","TX",0,1,1,1,1
"30",TRUE,45,"low","latin",0,0,0,"NA","TX",0,1,1,1,1
"31",TRUE,15,"high","american",1,1,0,"NA","TX",1,1,1,0,0
"32",TRUE,84,"low","american",1,1,0,"NA","TX",0,1,1,1,1
"33",TRUE,48,"low","american",0,1,0,"NA","TX",0,1,1,1,1
"34",FALSE,70,"low","american",0,1,0,"NA","TX",0,0,0,0,0
"35",TRUE,1,"low","latin",0,0,0,"NA","TX",0,1,0,1,1
"36",FALSE,29,"low","american",1,1,0,"NA","TX",0,0,0,0,0
"37",TRUE,30,"low","american",0,0,0,"NA","TX",0,0,0,1,1
"38",TRUE,112,"high","american",0,1,0,"Medium","TX",0,0,0,1,1
"39",FALSE,243,"high","asian",0,1,0,"Medium","TX",0,0,1,0,0
"40",TRUE,223,"low","american",0,0,0,"Medium","TX",0,0,0,1,1
"41",TRUE,33,"low","latin",0,0,0,"Medium","TX",0,0,1,1,0
"42",TRUE,182,"high","asian",1,1,0,"Medium","TX",0,0,1,1,1
"43",TRUE,79,"low","european",0,0,0,"Medium","TX",0,0,1,1,1
"44",TRUE,103,"low","american",0,0,0,"NA","TX",0,1,1,0,0
"45",TRUE,112,"low","american",0,1,0,"Low","TX",0,1,0,1,1
"46",TRUE,42,"low","american",1,1,0,"NA","TX",1,1,1,1,0
"47",TRUE,73,"low","american",0,1,0,"NA","TX",1,0,1,1,0
"48",TRUE,133,"low","latin",1,1,0,"Medium","TX",0,0,1,1,1
"49",TRUE,105,"low","american",1,1,0,"NA","TX",0,1,1,1,0
"50",TRUE,54,"low","american",1,1,0,"NA","TX",1,0,1,1,0
"51",TRUE,71,"low","american",0,0,0,"Low","TX",0,1,1,1,1
"52",TRUE,131,"high","asian",1,1,0,"Medium","TX",1,0,1,0,0
"53",TRUE,134,"high","european",1,1,0,"Medium","TX",0,0,1,1,1
"54",TRUE,7,"high","asian",1,1,0,"NA","TX",1,0,1,1,0
"55",TRUE,28,"high","latin",1,1,0,"NA","TX",1,0,1,1,0
"56",TRUE,27,"low","asian",1,1,0,"NA","TX",0,1,1,1,1
"57",TRUE,6,"high","breakfast",0,0,0,"NA","TX",1,1,1,0,0
"58",TRUE,58,"low","american",1,1,0,"Low","TX",0,1,1,1,1
"59",TRUE,61,"high","european",1,1,0,"NA","TX",1,0,1,1,0
"60",TRUE,91,"high","american",0,0,0,"Medium","TX",0,1,1,0,0
"61",TRUE,239,"high","asian",0,1,0,"Medium","TX",0,0,1,1,0
"62",TRUE,168,"low","american",1,1,0,"Low","TX",0,1,1,1,1
"63",FALSE,172,"low","latin",0,1,0,"Medium","TX",0,0,0,0,0
"64",FALSE,14,"low","american",0,0,0,"NA","TX",0,1,1,1,1
"65",TRUE,76,"low","american",1,1,0,"Medium","TX",1,0,1,1,0
"66",TRUE,58,"low","latin",1,1,0,"Low","TX",0,1,0,1,1
"67",TRUE,50,"low","american",0,0,0,"Medium","TX",0,0,1,1,1
"68",TRUE,56,"low","american",0,1,0,"Low","TX",0,1,0,1,1
"69",TRUE,60,"low","american",0,1,0,"Low","TX",0,1,0,1,1
"70",TRUE,47,"high","asian",1,1,0,"Medium","TX",0,0,1,0,0
"71",TRUE,77,"high","european",1,1,0,"NA","TX",1,1,1,1,1
"72",TRUE,244,"high","american",0,1,0,"Medium","TX",1,0,1,1,1
"73",TRUE,60,"low","american",1,1,0,"Low","TX",1,0,0,0,0
"74",TRUE,37,"low","american",1,1,0,"Low","TX",0,1,0,1,1
"75",FALSE,12,"low","american",0,0,0,"Low","TX",0,0,1,1,0
"76",TRUE,419,"high","european",0,1,0,"Medium","TX",0,0,1,1,1
"77",TRUE,116,"low","asian",0,1,0,"Medium","TX",0,0,1,1,0
"78",TRUE,58,"low","latin",0,1,0,"Low","TX",0,1,0,1,1
"79",TRUE,54,"low","american",0,1,0,"Low","TX",0,0,1,1,1
"80",TRUE,57,"low","american",0,0,0,"Low","TX",0,1,0,1,1
"81",TRUE,83,"high","asian",1,1,0,"NA","TX",1,0,1,0,0
"82",TRUE,49,"low","american",0,0,0,"Low","TX",0,1,1,1,1
"83",TRUE,257,"low","latin",1,1,0,"Low","TX",0,1,1,1,0
"84",TRUE,411,"high","breakfast",0,1,0,"Medium","TX",0,1,1,0,0
"85",FALSE,332,"high","asian",0,1,0,"Medium","TX",0,0,1,0,0
"86",TRUE,34,"low","american",0,1,0,"Low","TX",1,0,1,1,0
"87",TRUE,391,"low","american",0,1,0,"Medium","TX",0,0,0,1,1
"88",TRUE,126,"high","european",1,1,0,"Medium","TX",0,0,1,1,0
"89",TRUE,227,"high","latin",0,1,0,"Medium","TX",0,0,0,1,0
"90",TRUE,103,"low","american",1,1,0,"Medium","TX",0,0,0,1,1
"91",TRUE,18,"high","american",1,1,0,"Medium","TX",0,0,1,1,1
"92",TRUE,96,"low","american",1,1,0,"Medium","TX",0,0,0,1,1
"93",FALSE,102,"low","asian",1,0,0,"Low","TX",0,0,1,1,0
"94",TRUE,85,"high","desserts",1,1,0,"Low","TX",0,1,1,0,0
"95",TRUE,7,"low","american",1,1,0,"NA","TX",1,0,1,1,1
"96",TRUE,334,"low","european",1,1,0,"Low","TX",0,0,1,1,1
"97",TRUE,235,"low","asian",1,1,0,"Low","TX",1,0,1,1,0
"98",TRUE,140,"low","american",1,1,0,"Medium","TX",0,0,0,1,1
"99",TRUE,108,"low","asian",0,1,0,"Medium","TX",0,0,1,0,0
"100",TRUE,135,"low","american",1,1,0,"Low","TX",0,1,1,1,1
"101",TRUE,69,"low","asian",1,1,0,"Low","TX",0,1,1,1,1
"102",TRUE,23,"low","american",1,1,0,"Low","TX",0,0,1,1,1
"103",TRUE,60,"low","american",1,1,0,"Low","TX",0,1,1,1,1
"104",TRUE,62,"low","american",1,0,0,"Medium","TX",0,0,1,1,0
"105",TRUE,47,"low","american",0,1,0,"Low","TX",0,1,0,1,1
"106",TRUE,90,"low","asian",1,1,0,"Low","TX",0,0,1,1,0
"107",TRUE,165,"low","american",0,1,0,"Low","TX",0,1,0,1,1
"108",TRUE,41,"low","latin",0,1,0,"Low","TX",0,1,0,1,1
"109",TRUE,16,"low","american",0,1,0,"Low","TX",0,0,1,1,1
"110",TRUE,55,"low","american",1,1,0,"Low","TX",0,1,1,1,1
"111",TRUE,28,"low","american",1,1,0,"NA","TX",0,1,1,1,1
"112",FALSE,7,"low","american",1,1,0,"Low","TX",0,0,1,1,1
"113",TRUE,24,"low","american",1,1,0,"Low","TX",0,1,1,1,0
"114",FALSE,155,"high","latin",0,1,0,"Medium","TX",0,0,1,1,0
"115",TRUE,142,"low","american",1,1,0,"Medium","TX",1,0,1,1,0
"116",TRUE,7,"low","american",1,1,0,"Low","TX",0,1,1,1,0
"117",TRUE,45,"low","asian",1,1,0,"Medium","TX",0,0,1,0,0
"118",TRUE,95,"low","asian",1,1,0,"Medium","TX",0,0,1,1,0
"119",TRUE,201,"low","european",1,1,0,"Medium","TX",1,0,1,1,0
"120",TRUE,230,"low","asian",1,1,0,"Medium","TX",0,0,1,1,0
"121",FALSE,171,"low","american",0,1,0,"Medium","TX",0,0,1,1,0
"122",TRUE,117,"low","latin",0,1,0,"NA","TX",0,1,1,1,1
"123",TRUE,154,"low","latin",1,1,0,"Medium","TX",0,0,1,1,0
"124",TRUE,73,"low","american",1,1,0,"Medium","TX",0,1,1,1,0
"125",TRUE,22,"low","american",1,1,0,"NA","TX",0,1,1,1,1
"126",TRUE,174,"low","latin",1,1,0,"Medium","TX",0,1,1,1,1
"127",TRUE,194,"low","asian",1,1,0,"Medium","TX",0,1,1,1,1
"128",TRUE,32,"low","american",1,1,0,"NA","TX",0,1,1,1,0
"129",TRUE,55,"high","american",1,1,0,"Low","TX",0,1,1,1,0
"130",FALSE,10,"low","american",0,1,0,"Medium","TX",0,1,1,1,1
"131",TRUE,48,"low","american",1,1,0,"Low","TX",0,0,1,1,0
"132",TRUE,61,"low","american",0,1,0,"Low","TX",0,1,1,1,1
"133",FALSE,2,"low","american",0,0,0,"NA","TX",0,0,0,0,0
"134",TRUE,126,"low","american",0,0,0,"Low","TX",0,1,1,1,1
"135",TRUE,14,"low","american",0,1,0,"Low","TX",0,1,1,1,1
"136",TRUE,127,"high","hawaiian",1,1,0,"Low","TX",1,0,0,1,1
"137",TRUE,97,"low","american",1,1,0,"Low","TX",1,1,1,1,1
"138",TRUE,87,"low","american",1,1,0,"Medium","TX",1,1,1,1,1
"139",TRUE,8,"high","american",0,0,0,"Low","TX",0,1,0,1,1
"140",TRUE,160,"low","american",0,1,0,"Low","TX",0,1,0,1,1
"141",TRUE,42,"low","latin",0,1,0,"Low","TX",1,1,0,1,1
"142",TRUE,42,"low","american",1,1,0,"NA","TX",0,1,1,1,1
"143",TRUE,42,"low","american",0,1,0,"Low","TX",0,1,0,1,1
"144",TRUE,52,"low","american",0,1,0,"Low","TX",1,1,1,1,1
"145",FALSE,3,"low","asian",1,1,0,"NA","TX",0,0,0,0,0
"146",FALSE,10,"low","asian",0,1,0,"NA","TX",0,0,0,1,0
"147",FALSE,8,"low","asian",1,1,0,"NA","TX",0,0,1,1,1
"148",TRUE,2,"low","asian",1,1,0,"NA","TX",1,0,1,1,0
"149",TRUE,119,"high","american",0,0,0,"Low","TX",0,1,1,1,0
"150",TRUE,115,"high","european",1,1,0,"Medium","TX",0,0,1,1,0
"151",TRUE,76,"low","european",0,0,0,"Medium","TX",0,1,1,1,1
"152",TRUE,93,"high","breakfast",1,1,0,"Medium","TX",0,1,1,0,0
"153",TRUE,130,"low","asian",1,1,0,"Medium","TX",0,0,1,1,0
"154",TRUE,206,"low","latin",0,1,0,"Low","TX",0,1,1,1,1
"155",TRUE,56,"high","american",1,1,0,"Low","TX",0,1,1,1,0
"156",TRUE,162,"low","american",0,1,0,"Low","TX",0,1,0,1,1
"157",TRUE,60,"low","american",1,1,0,"Low","TX",1,1,1,1,1
"158",TRUE,67,"low","american",1,1,0,"NA","TX",0,1,1,1,0
"159",TRUE,120,"low","american",0,0,0,"Medium","TX",0,1,1,0,0
"160",TRUE,233,"high","american",1,1,0,"Low","TX",0,1,1,1,1
"161",TRUE,13,"high","latin",0,0,0,"NA","TX",1,1,1,1,0
"162",TRUE,3,"high","american",0,1,0,"NA","TX",0,1,1,0,0
"163",FALSE,17,"high","american",0,0,0,"Low","TX",0,1,0,1,1
"164",TRUE,149,"low","european",1,1,0,"Low","TX",0,0,0,1,1
"165",FALSE,36,"low","american",0,0,0,"Low","TX",0,0,1,1,1
"166",TRUE,53,"high","american",1,1,0,"NA","TX",0,0,1,1,0
"167",TRUE,142,"low","american",1,1,0,"Medium","TX",1,0,1,1,0
"168",TRUE,315,"high","asian",0,1,0,"Medium","TX",0,1,1,1,0
"169",TRUE,117,"low","american",1,1,0,"Medium","TX",1,1,1,0,0
"170",TRUE,69,"low","latin",0,1,0,"Medium","TX",1,1,1,1,1
"171",FALSE,37,"low","american",0,0,0,"Low","TX",0,0,0,0,0
"172",TRUE,54,"low","american",1,1,0,"Low","TX",1,1,1,1,0
"173",FALSE,12,"low","asian",0,0,0,"Low","TX",0,1,1,1,0
"174",TRUE,9,"low","american",1,1,0,"NA","TX",0,0,0,0,0
"175",TRUE,21,"low","latin",0,1,0,"NA","TX",0,1,0,1,1
"176",TRUE,7,"high","american",0,0,0,"Low","TX",0,1,0,1,1
"177",TRUE,388,"high","latin",1,1,0,"Medium","TX",0,1,1,1,1
"178",TRUE,258,"high","asian",1,1,0,"Medium","TX",0,0,1,0,0
"179",FALSE,2,"high","american",0,0,0,"NA","TX",0,0,0,0,0
"180",TRUE,24,"low","american",1,1,0,"NA","TX",0,0,1,1,1
"181",TRUE,17,"low","american",1,1,0,"Low","TX",0,1,1,1,1
"182",TRUE,258,"high","asian",0,1,0,"Medium","TX",0,0,1,1,0
"183",FALSE,50,"low","latin",0,1,0,"NA","TX",0,1,1,1,0
"184",TRUE,314,"low","american",1,1,0,"Medium","TX",1,1,1,1,0
"185",TRUE,56,"high","european",0,1,0,"NA","TX",1,0,1,1,0
"186",TRUE,129,"high","asian",1,1,0,"Medium","TX",0,0,0,1,0
"187",FALSE,1,"low","european",0,0,0,"NA","TX",0,0,0,0,0
"188",TRUE,112,"low","latin",1,1,0,"Medium","TX",0,0,1,1,0
"189",TRUE,61,"high","american",0,0,0,"Medium","TX",0,0,1,1,1
"190",TRUE,57,"low","asian",1,1,0,"Low","TX",0,0,1,1,0
"191",TRUE,20,"high","breakfast",1,1,0,"NA","TX",1,1,1,0,0
"192",TRUE,133,"low","american",1,1,0,"Low","TX",0,1,1,1,1
"193",TRUE,447,"low","american",1,1,0,"Medium","TX",0,1,1,1,0
"194",TRUE,30,"low","american",1,1,0,"Medium","TX",0,0,1,1,0
"195",TRUE,1,"high","american",0,0,0,"NA","TX",1,0,1,1,0
"196",FALSE,3,"high","breakfast",0,0,0,"NA","TX",0,1,1,0,0
"197",TRUE,74,"low","american",0,1,0,"NA","TX",0,0,1,1,1
"198",TRUE,52,"high","hawaiian",1,1,0,"NA","TX",1,0,0,1,1
"199",TRUE,107,"low","american",1,1,0,"Medium","TX",0,1,1,1,1
"200",TRUE,38,"high","american",1,1,0,"NA","TX",1,0,1,1,1
"201",TRUE,104,"low","asian",1,1,0,"NA","TX",0,1,1,1,1
"202",FALSE,24,"low","asian",1,1,0,"Medium","TX",0,1,1,1,1
"203",TRUE,97,"low","american",1,1,0,"Medium","TX",0,1,1,1,0
"204",TRUE,8,"low","asian",1,1,0,"NA","TX",0,0,0,1,0
"205",TRUE,47,"high","breakfast",1,1,0,"NA","TX",1,1,1,1,0
"206",TRUE,141,"low","american",1,1,0,"Low","TX",0,0,0,1,1
"207",TRUE,14,"high","american",0,0,0,"NA","TX",0,1,1,1,0
"208",FALSE,3,"high","asian",1,1,0,"NA","TX",0,0,1,1,0
"209",TRUE,28,"low","american",1,1,0,"Low","TX",0,1,1,1,1
"210",TRUE,33,"low","american",1,1,0,"Low","TX",0,1,1,1,1
"211",TRUE,10,"low","american",1,1,0,"Low","TX",0,1,1,1,0
"212",TRUE,226,"high","american",0,1,0,"Medium","TX",0,0,1,1,0
"213",TRUE,47,"low","asian",1,1,0,"NA","TX",0,1,1,1,0
"214",TRUE,123,"high","breakfast",0,0,0,"Medium","TX",0,1,1,0,0
"215",TRUE,6,"high","asian",0,0,0,"NA","TX",0,0,0,0,0
"216",TRUE,329,"high","american",0,1,0,"Medium","TX",0,1,1,0,0
"217",TRUE,155,"high","asian",1,1,0,"Medium","TX",0,0,1,0,0
"218",TRUE,317,"high","american",1,1,0,"Medium","TX",0,0,1,1,0
"219",TRUE,619,"high","european",1,1,0,"Medium","TX",0,0,1,1,0
"220",TRUE,408,"high","asian",1,1,0,"Medium","TX",1,0,1,0,0
"221",TRUE,148,"high","asian",1,1,0,"Medium","TX",0,0,0,1,0
"222",FALSE,90,"low","latin",1,1,0,"Medium","TX",0,1,1,1,0
"223",TRUE,199,"high","asian",1,1,0,"Medium","TX",0,0,1,0,0
"224",TRUE,96,"high","asian",1,1,0,"Low","TX",0,0,1,1,0
"225",TRUE,311,"high","latin",0,1,0,"Medium","TX",0,0,1,1,0
"226",TRUE,163,"low","latin",1,1,0,"Low","TX",0,1,1,1,1
"227",TRUE,54,"low","european",0,0,0,"Low","TX",0,0,1,1,1
"228",FALSE,68,"high","asian",1,1,0,"Medium","TX",0,0,1,1,0
"229",FALSE,74,"low","american",1,1,0,"Low","TX",0,1,1,1,1
"230",TRUE,143,"low","american",0,0,0,"Medium","TX",0,0,0,1,1
"231",TRUE,63,"low","american",1,1,0,"Low","TX",0,0,1,1,0
"232",TRUE,36,"low","american",0,1,0,"Low","TX",0,1,0,1,1
"233",TRUE,6,"low","american",1,1,0,"Low","TX",0,1,1,1,1
"234",TRUE,229,"high","asian",0,1,0,"Medium","TX",0,0,1,0,0
"235",TRUE,66,"high","european",0,0,0,"Medium","TX",0,0,1,1,0
"236",FALSE,4,"high","asian",0,1,0,"NA","TX",0,0,0,0,0
"237",TRUE,13,"high","asian",1,1,0,"NA","TX",0,0,1,1,0
"238",TRUE,3,"low","american",1,1,0,"NA","TX",0,0,0,0,0
"239",TRUE,16,"low","american",0,0,0,"NA","TX",0,0,1,1,0
"240",TRUE,365,"low","american",1,1,0,"Medium","TX",0,0,1,1,1
"241",TRUE,15,"high","american",0,0,0,"NA","TX",0,1,1,0,0
"242",TRUE,178,"low","american",1,1,0,"Medium","TX",1,0,1,1,1
"243",TRUE,100,"low","european",0,0,0,"NA","TX",0,1,1,1,1
"244",TRUE,87,"low","desserts",1,1,0,"Low","TX",0,1,1,1,0
"245",TRUE,109,"low","american",1,1,0,"Medium","TX",0,0,1,1,0
"246",TRUE,167,"low","american",1,1,0,"Medium","TX",0,0,1,1,1
"247",TRUE,178,"low","american",0,1,0,"Medium","TX",0,0,0,1,1
"248",TRUE,101,"low","american",0,1,0,"Medium","TX",1,0,1,1,0
"249",TRUE,36,"low","latin",0,1,0,"Low","TX",0,1,1,1,1
"250",TRUE,5,"high","american",0,0,0,"Medium","TX",0,1,0,1,1
"251",TRUE,217,"low","asian",1,1,0,"Medium","TX",0,0,1,1,0
"252",TRUE,248,"low","american",1,1,0,"Low","TX",0,1,0,1,1
"253",TRUE,107,"low","american",1,1,0,"Low","TX",0,0,1,1,0
"254",TRUE,248,"low","american",1,1,0,"Low","TX",0,1,1,1,1
"255",TRUE,121,"low","latin",1,1,0,"Low","TX",0,1,1,1,0
"256",TRUE,484,"high","american",0,1,0,"Medium","TX",0,1,1,0,0
"257",TRUE,101,"low","european",1,1,0,"NA","TX",1,0,1,1,1
"258",TRUE,270,"high","american",0,1,0,"Medium","TX",1,0,1,1,0
"259",TRUE,186,"low","european",0,1,0,"Medium","TX",0,0,1,1,0
"260",TRUE,51,"low","american",0,0,0,"NA","TX",0,0,0,1,1
"261",TRUE,194,"low","american",1,0,0,"Medium","TX",1,0,1,1,1
"262",TRUE,538,"high","american",0,1,0,"Medium","TX",0,0,0,1,1
"263",TRUE,300,"low","latin",1,1,0,"Medium","TX",1,0,1,1,1
"264",TRUE,738,"high","european",1,1,0,"Medium","TX",0,0,1,1,1
"265",TRUE,342,"low","latin",1,1,1,"Medium","TX",0,0,1,1,0
"266",TRUE,233,"low","asian",1,1,0,"Medium","TX",0,0,1,0,0
"267",FALSE,2,"low","asian",1,0,0,"NA","TX",0,0,0,0,0
"268",TRUE,57,"high","breakfast",0,1,0,"Low","TX",1,1,1,1,0
"269",TRUE,26,"low","asian",1,1,0,"Medium","TX",0,0,1,0,0
"270",TRUE,558,"low","american",1,1,0,"Medium","TX",0,0,1,1,1
"271",TRUE,326,"low","asian",1,1,0,"Medium","TX",0,0,1,1,0
"272",TRUE,308,"low","asian",0,1,0,"Medium","TX",0,0,1,0,0
"273",TRUE,76,"low","american",1,1,0,"Low","TX",0,1,1,1,0
"274",TRUE,301,"high","american",0,1,0,"Medium","TX",1,0,0,1,1
"275",FALSE,5,"high","american",0,0,0,"NA","TX",0,0,0,1,0
"276",TRUE,376,"high","american",1,1,0,"High","TX",0,0,1,1,0
"277",TRUE,191,"high","american",0,1,0,"Medium","TX",0,1,1,1,0
"278",TRUE,1,"high","american",0,0,0,"NA","TX",1,1,1,0,0
"279",TRUE,229,"high","latin",1,1,0,"Low","TX",0,0,1,1,0
"280",TRUE,11,"high","other",0,0,0,"NA","TX",0,0,1,1,0
"281",TRUE,445,"high","latin",0,1,0,"Low","TX",0,1,1,1,0
"282",TRUE,162,"high","american",0,1,0,"Low","TX",0,1,1,0,0
"283",TRUE,53,"high","european",0,1,0,"Low","TX",0,1,1,1,0
"284",TRUE,427,"high","asian",1,1,0,"Medium","TX",0,0,1,0,0
"285",FALSE,1,"high","american",0,0,0,"NA","TX",0,1,1,0,0
"286",TRUE,5,"low","american",1,1,0,"NA","TX",1,1,1,0,0
"287",TRUE,371,"low","american",0,1,0,"High","TX",0,0,0,1,1
"288",TRUE,7,"high","breakfast",0,1,0,"NA","TX",0,1,1,0,0
"289",TRUE,1,"high","desserts",0,0,0,"NA","TX",1,1,1,0,0
"290",TRUE,285,"high","american",1,1,0,"Medium","TX",0,0,1,1,0
"291",FALSE,11,"low","breakfast",0,0,0,"Low","TX",0,0,0,0,0
"292",TRUE,1825,"high","american",0,1,0,"Medium","TX",0,0,1,1,0
"293",TRUE,95,"low","american",1,1,0,"Medium","TX",0,0,0,1,1
"294",TRUE,279,"high","asian",1,1,0,"Medium","TX",0,0,1,0,0
"295",TRUE,336,"low","asian",1,1,0,"Medium","TX",0,0,1,1,1
"296",FALSE,2,"high","asian",0,0,0,"NA","TX",0,0,1,1,1
"297",TRUE,29,"low","european",1,1,0,"NA","TX",1,1,1,1,0
"298",TRUE,19,"low","asian",1,1,0,"NA","TX",0,0,0,0,0
"299",TRUE,108,"low","american",1,1,0,"Low","TX",0,1,1,1,1
"300",TRUE,56,"low","american",0,1,0,"Low","TX",0,1,0,1,1
"301",TRUE,14,"low","american",1,1,0,"Low","TX",0,1,1,1,1
"302",FALSE,29,"low","asian",0,1,0,"NA","TX",0,0,1,1,0
"303",FALSE,3,"low","other",0,0,0,"NA","TX",0,0,1,1,0
"304",FALSE,6,"low","asian",0,1,0,"NA","TX",0,0,1,1,0
"305",TRUE,90,"high","desserts",1,1,0,"Low","TX",1,1,1,1,0
"306",TRUE,26,"low","american",1,1,0,"NA","TX",1,1,1,1,1
"307",TRUE,74,"low","american",0,0,0,"Low","TX",0,1,1,1,1
"308",TRUE,41,"high","american",0,0,0,"NA","TX",0,1,1,0,0
"309",TRUE,20,"low","european",1,1,0,"NA","TX",0,0,1,1,0
"310",TRUE,35,"high","asian",1,1,0,"NA","TX",0,0,0,0,0
"311",TRUE,266,"high","asian",1,1,0,"Medium","TX",1,0,1,1,0
"312",TRUE,208,"high","american",0,1,0,"Medium","TX",1,0,1,1,0
"313",TRUE,175,"high","american",1,1,0,"Medium","TX",0,0,0,1,0
"314",TRUE,108,"low","latin",0,1,0,"NA","TX",0,1,1,1,1
"315",TRUE,121,"low","asian",0,1,0,"Medium","TX",1,0,1,0,0
"316",FALSE,3,"low","american",1,1,0,"NA","TX",0,0,1,1,1
"317",TRUE,204,"low","american",0,1,0,"Low","TX",0,1,0,1,1
"318",TRUE,36,"low","american",1,1,0,"NA","TX",0,1,1,1,0
"319",TRUE,45,"low","american",1,1,0,"Low","TX",0,1,1,1,0
"320",TRUE,67,"low","american",0,1,0,"Low","TX",0,1,1,1,1
"321",TRUE,21,"low","american",0,0,0,"Low","TX",0,0,0,0,0
"322",TRUE,1,"high","american",0,0,0,"NA","TX",1,1,1,1,0
"323",TRUE,1,"high","breakfast",0,0,0,"NA","TX",0,1,1,0,0
"324",FALSE,1034,"high","american",0,1,0,"Medium","TX",0,0,1,0,0
"325",TRUE,716,"high","american",1,1,0,"Medium","TX",0,1,1,0,0
"326",FALSE,37,"low","latin",0,1,0,"Low","TX",0,1,1,0,0
"327",TRUE,104,"high","latin",1,1,0,"Low","TX",0,1,1,0,0
"328",TRUE,96,"high","asian",1,1,0,"Medium","TX",0,0,1,1,0
"329",TRUE,77,"low","american",1,1,0,"Low","TX",1,0,1,1,0
"330",TRUE,103,"low","american",1,1,0,"Medium","TX",0,1,1,1,0
"331",FALSE,170,"low","latin",0,1,0,"Medium","TX",0,0,1,1,0
"332",TRUE,92,"low","latin",1,1,0,"NA","TX",0,1,1,1,0
"333",TRUE,71,"high","american",0,1,0,"Low","TX",1,1,1,1,0
"334",TRUE,56,"low","european",1,1,0,"Low","TX",1,0,1,1,0
"335",TRUE,51,"low","american",1,1,0,"Low","TX",0,1,1,1,1
"336",TRUE,53,"low","american",0,0,0,"Low","TX",0,1,1,1,1
"337",TRUE,42,"low","american",0,1,0,"Medium","TX",0,1,1,1,0
"338",TRUE,10,"low","american",0,0,0,"NA","TX",0,0,0,0,0
"339",TRUE,18,"low","american",0,0,0,"NA","TX",0,0,0,0,0
"340",TRUE,9,"low","american",0,0,0,"NA","TX",0,0,1,1,1
"341",TRUE,1,"low","american",0,0,0,"NA","TX",0,0,1,1,0
"342",TRUE,43,"high","european",0,0,0,"NA","TX",0,0,0,0,0
"343",TRUE,8,"low","asian",0,0,0,"NA","TX",0,0,1,1,1
"344",TRUE,537,"low","asian",1,0,0,"Medium","TX",0,0,1,1,1
"345",TRUE,184,"high","american",1,1,0,"Low","TX",0,1,1,1,0
"346",TRUE,23,"low","latin",0,1,0,"Low","TX",0,1,0,1,1
"347",TRUE,36,"low","asian",1,1,0,"Medium","TX",0,0,0,1,0
"348",TRUE,57,"low","american",1,1,0,"Low","TX",0,1,1,1,1
"349",TRUE,45,"low","american",0,1,0,"Low","TX",1,1,0,1,1
"350",TRUE,15,"high","american",0,0,0,"NA","TX",1,1,1,1,0
"351",TRUE,93,"low","asian",1,1,0,"Medium","TX",0,0,1,1,1
"352",TRUE,51,"low","american",1,1,0,"Low","TX",1,1,1,1,1
"353",TRUE,66,"low","latin",1,1,0,"Low","TX",0,1,0,1,1
"354",TRUE,43,"high","american",1,1,0,"Low","TX",0,1,1,1,0
"355",TRUE,45,"low","american",1,1,0,"Medium","TX",0,0,1,1,0
"356",TRUE,60,"low","american",1,1,0,"Low","TX",0,1,1,1,1
"357",FALSE,117,"high","latin",1,1,0,"Medium","TX",0,0,0,1,0
"358",TRUE,29,"low","european",1,1,0,"NA","TX",0,0,1,1,1
"359",TRUE,166,"high","breakfast",1,1,0,"Low","TX",1,1,1,1,0
"360",TRUE,41,"low","american",0,1,0,"Low","TX",0,0,1,1,1
"361",TRUE,34,"low","american",1,1,0,"NA","TX",1,1,1,1,0
"362",TRUE,35,"low","american",0,1,0,"NA","TX",0,0,1,1,1
"363",TRUE,3,"low","asian",1,1,0,"NA","TX",1,0,0,1,0
"364",TRUE,55,"low","latin",1,1,0,"Medium","TX",1,0,0,1,0
"365",TRUE,119,"high","european",1,1,0,"Medium","TX",0,0,1,1,0
"366",TRUE,63,"high","breakfast",0,0,0,"Low","TX",1,1,1,0,0
"367",TRUE,11,"low","american",0,0,0,"NA","TX",0,0,1,1,1
"368",TRUE,113,"high","asian",0,1,0,"NA","TX",1,0,1,1,0
"369",TRUE,5,"high","european",1,1,0,"NA","TX",1,0,1,1,1
"370",FALSE,27,"high","american",1,1,0,"NA","TX",0,0,0,0,0
"371",TRUE,22,"high","american",0,0,0,"NA","TX",1,1,1,1,0
"372",TRUE,11,"high","asian",1,1,0,"NA","TX",1,0,1,1,0
"373",TRUE,33,"high","american",0,1,0,"NA","TX",1,0,1,1,0
"374",TRUE,103,"high","american",0,1,0,"Low","TX",0,1,1,1,0
"375",TRUE,14,"low","american",1,1,0,"NA","TX",0,1,1,1,0
"376",TRUE,66,"high","asian",1,0,0,"NA","TX",1,0,1,1,0
"377",TRUE,140,"low","asian",1,1,0,"Low","TX",0,1,1,1,0
"378",TRUE,21,"low","other",1,1,0,"NA","TX",0,0,1,1,0
"379",TRUE,97,"high","desserts",1,1,0,"Low","TX",0,1,1,0,0
"380",TRUE,40,"low","american",0,0,0,"Low","TX",0,1,0,1,1
"381",TRUE,9,"high","desserts",0,0,0,"Low","TX",1,1,1,1,0
"382",TRUE,5,"low","american",1,1,0,"NA","TX",1,0,1,1,0
"383",TRUE,39,"high","asian",1,1,0,"Low","TX",1,0,0,1,0
"384",TRUE,135,"low","latin",1,1,0,"Medium","TX",0,0,1,1,0
"385",TRUE,110,"low","latin",1,1,0,"Medium","TX",0,1,1,1,1
"386",TRUE,62,"low","american",0,0,0,"Medium","TX",0,0,0,1,1
"387",TRUE,165,"low","latin",1,1,0,"Low","TX",0,1,1,1,1
"388",TRUE,199,"low","latin",1,1,0,"Medium","TX",0,0,1,1,1
"389",TRUE,105,"low","american",0,1,0,"Medium","TX",0,1,1,1,1
"390",TRUE,24,"low","american",1,1,0,"Low","TX",1,1,1,1,1
"391",TRUE,78,"low","american",0,1,0,"Low","TX",0,1,0,1,1
"392",TRUE,73,"low","american",0,1,0,"Low","TX",1,1,1,0,0
"393",TRUE,6,"low","american",1,1,0,"Low","TX",0,1,1,1,1
"394",TRUE,40,"high","asian",1,1,0,"NA","TX",0,0,1,0,0
"395",TRUE,67,"high","desserts",1,1,0,"Low","TX",1,1,1,1,0
"396",TRUE,385,"high","american",0,1,0,"Low","TX",1,0,1,1,1
"397",TRUE,307,"low","other",0,1,0,"Medium","TX",0,1,0,1,1
"398",TRUE,15,"high","american",0,0,0,"Low","TX",0,1,0,1,1
"399",TRUE,85,"low","american",0,1,0,"Low","TX",0,1,0,1,1
"400",TRUE,58,"low","american",1,1,0,"Medium","TX",0,0,1,1,0
"401",TRUE,58,"low","latin",0,1,0,"Low","TX",0,1,0,1,1
"402",TRUE,91,"low","american",0,1,0,"Low","TX",1,1,1,1,1
"403",TRUE,186,"high","latin",1,1,0,"Low","TX",1,0,1,1,1
"404",TRUE,872,"high","american",0,1,0,"Medium","TX",0,1,1,0,0
"405",FALSE,90,"low","american",1,1,0,"Medium","TX",0,0,0,0,0
"406",TRUE,226,"high","asian",0,1,0,"Medium","TX",0,0,1,1,0
"407",TRUE,56,"low","american",0,1,0,"Low","TX",0,1,0,1,1
"408",FALSE,14,"low","american",0,1,0,"NA","TX",0,1,1,1,1
"409",TRUE,25,"low","american",0,1,0,"Low","TX",1,1,0,1,1
"410",TRUE,18,"low","american",1,1,0,"Low","TX",0,1,1,1,0
"411",TRUE,690,"high","european",1,0,0,"Medium","TX",0,0,1,1,1
"412",TRUE,178,"high","american",1,1,0,"Medium","TX",0,0,1,1,0
"413",TRUE,396,"high","american",1,1,0,"Medium","TX",0,1,1,0,0
"414",TRUE,378,"high","european",0,1,0,"Medium","TX",0,0,1,1,1
"415",TRUE,297,"high","american",0,1,0,"Medium","TX",0,0,0,1,1
"416",TRUE,63,"high","asian",0,1,0,"High","TX",0,0,0,1,1
"417",TRUE,118,"high","latin",1,1,0,"NA","TX",1,0,1,1,1
"418",FALSE,240,"low","latin",0,1,0,"Medium","TX",0,0,1,1,0
"419",TRUE,61,"low","asian",1,1,0,"Low","TX",0,0,1,1,1
"420",TRUE,17,"low","asian",1,1,0,"Medium","TX",1,0,1,0,0
"421",TRUE,28,"high","desserts",1,1,0,"Low","TX",1,1,1,1,0
"422",TRUE,347,"high","asian",0,1,0,"Medium","TX",0,0,1,1,0
"423",TRUE,12,"high","breakfast",1,1,0,"Medium","TX",1,1,1,1,0
"424",TRUE,32,"low","american",0,0,0,"NA","TX",1,1,1,1,1
"425",FALSE,9,"low","american",0,0,0,"NA","TX",0,0,0,0,0
"426",TRUE,6,"high","asian",1,1,0,"NA","TX",1,1,1,1,1
"427",TRUE,339,"high","american",0,0,0,"Medium","TX",0,1,1,0,0
"428",TRUE,122,"low","american",0,1,0,"Low","TX",0,1,0,1,1
"429",TRUE,140,"low","american",0,1,0,"Low","TX",0,1,1,0,0
"430",TRUE,81,"low","american",1,1,0,"Low","TX",0,1,1,1,1
"431",TRUE,8,"low","american",0,0,0,"NA","TX",0,0,0,1,0
"432",FALSE,53,"low","asian",1,1,0,"NA","TX",0,0,0,0,0
"433",TRUE,3,"high","american",0,0,0,"NA","TX",0,0,1,1,1
"434",TRUE,176,"high","american",1,1,0,"Low","TX",1,0,1,1,1
"435",TRUE,36,"low","european",0,1,0,"Medium","TX",1,1,1,1,0
"436",TRUE,83,"high","breakfast",0,1,0,"Medium","TX",0,1,1,0,0
"437",TRUE,193,"high","asian",0,1,0,"High","TX",0,0,1,0,0
"438",TRUE,38,"low","american",1,1,0,"NA","TX",1,1,1,1,1
"439",TRUE,53,"low","american",1,1,0,"Low","TX",0,1,1,1,0
"440",TRUE,144,"low","asian",1,1,0,"Medium","TX",0,0,1,0,0
"441",TRUE,46,"low","american",0,1,0,"Low","TX",1,1,1,1,1
"442",TRUE,37,"low","american",0,1,0,"NA","TX",0,1,1,1,0
"443",TRUE,215,"high","european",1,1,0,"Medium","TX",0,0,1,1,1
"444",TRUE,299,"high","breakfast",1,1,0,"Medium","TX",0,1,1,0,0
"445",TRUE,56,"low","american",1,1,0,"NA","TX",1,0,0,1,1
"446",TRUE,38,"low","american",1,1,0,"Low","TX",1,1,1,1,1
"447",TRUE,60,"high","american",0,0,0,"NA","TX",1,0,1,1,0
"448",TRUE,4,"high","latin",1,1,0,"NA","TX",0,0,1,1,0
"449",FALSE,106,"high","asian",0,1,0,"Medium","TX",0,0,1,1,1
"450",TRUE,30,"low","latin",0,1,0,"Low","TX",0,1,1,1,1
"451",TRUE,50,"low","american",0,1,0,"Low","TX",0,1,1,1,1
"452",TRUE,6,"low","american",1,1,0,"Low","TX",0,1,1,1,1
"453",TRUE,44,"low","american",1,1,0,"NA","TX",1,0,1,1,0
"454",TRUE,211,"high","asian",0,1,0,"Medium","TX",0,0,1,0,0
"455",FALSE,250,"high","american",0,1,0,"Medium","TX",0,1,1,1,0
"456",TRUE,252,"high","asian",1,1,0,"Medium","TX",0,0,1,1,0
"457",TRUE,636,"high","latin",1,1,0,"Medium","TX",1,0,0,1,0
"458",TRUE,107,"high","european",1,1,0,"Medium","TX",1,0,1,1,0
"459",TRUE,230,"low","american",1,1,0,"Medium","TX",0,0,1,1,1
"460",TRUE,198,"low","american",1,1,0,"Medium","TX",0,0,0,1,1
"461",TRUE,19,"high","american",0,1,0,"High","TX",0,1,1,1,0
"462",TRUE,35,"low","latin",0,1,0,"Low","TX",0,1,0,1,1
"463",TRUE,15,"low","american",1,1,0,"Low","TX",0,1,1,1,1
"464",TRUE,355,"high","american",0,1,0,"Medium","TX",0,1,1,1,0
"465",TRUE,377,"high","european",1,1,0,"Medium","TX",0,0,1,1,0
"466",TRUE,28,"low","asian",1,1,0,"NA","TX",1,0,1,1,1
"467",TRUE,43,"low","asian",1,1,0,"Low","TX",0,0,1,1,0
"468",TRUE,7,"low","asian",1,1,0,"NA","TX",1,0,1,1,1
"469",TRUE,383,"low","american",0,1,0,"Medium","TX",1,1,1,1,0
"470",TRUE,258,"high","latin",0,1,0,"Medium","TX",0,1,1,1,0
"471",TRUE,17,"high","american",1,1,0,"NA","TX",0,1,1,1,0
"472",TRUE,150,"low","european",1,1,0,"Medium","TX",1,0,1,1,0
"473",TRUE,21,"high","american",0,0,0,"NA","TX",0,0,1,1,1
"474",TRUE,1126,"high","american",1,1,0,"Medium","TX",0,0,1,1,0
"475",FALSE,118,"low","european",0,0,0,"NA","TX",0,0,0,1,1
"476",TRUE,589,"low","american",1,1,0,"Medium","TX",0,0,0,1,1
"477",TRUE,30,"low","other",0,0,0,"NA","TX",1,0,0,1,1
"478",TRUE,24,"high","european",1,1,0,"NA","TX",1,0,1,1,1
"479",TRUE,436,"low","american",1,1,0,"Medium","TX",1,0,1,1,1
"480",TRUE,167,"low","american",0,1,0,"Medium","TX",0,1,1,1,1
"481",TRUE,245,"high","asian",0,1,0,"Very High","TX",0,0,0,1,1
"482",TRUE,298,"low","breakfast",0,1,0,"Medium","TX",0,0,0,1,1
"483",TRUE,359,"low","asian",1,1,0,"Medium","TX",0,0,0,1,1
"484",TRUE,287,"low","european",0,1,0,"Medium","TX",0,0,1,1,1
"485",TRUE,287,"high","american",1,1,0,"Medium","TX",0,0,1,1,0
"486",TRUE,424,"high","desserts",0,1,0,"Medium","TX",0,1,1,0,0
"487",TRUE,199,"high","asian",1,1,0,"Medium","TX",0,0,1,1,1
"488",TRUE,101,"low","american",0,1,0,"Medium","TX",1,1,1,1,0
"489",TRUE,337,"high","latin",0,1,0,"Medium","TX",1,0,1,1,1
"490",TRUE,164,"low","breakfast",1,1,0,"Medium","TX",0,1,1,1,0
"491",TRUE,14,"low","desserts",1,1,0,"NA","TX",1,1,1,1,1
"492",TRUE,91,"low","latin",1,1,0,"Low","TX",0,1,1,1,1
"493",TRUE,7,"low","american",1,1,0,"Low","TX",0,1,1,1,0
"494",TRUE,722,"high","breakfast",0,1,0,"Medium","TX",0,1,1,0,0
"495",TRUE,67,"high","american",1,1,0,"NA","TX",1,1,1,1,0
"496",TRUE,1,"high","european",0,0,0,"NA","TX",1,0,0,1,1
"497",TRUE,160,"low","american",1,1,0,"Medium","TX",1,0,1,1,0
"498",TRUE,1,"low","american",0,0,0,"NA","TX",0,0,0,1,1
"499",TRUE,45,"high","american",0,0,0,"Medium","TX",0,0,1,1,1
"500",TRUE,1833,"high","american",1,1,0,"Medium","TX",0,0,1,1,1
"501",TRUE,836,"high","breakfast",1,1,0,"Medium","TX",1,1,1,0,0
"502",TRUE,193,"high","american",1,1,0,"Medium","TX",0,0,0,1,1
"503",FALSE,139,"low","asian",1,1,0,"Medium","TX",0,0,0,0,0
"504",TRUE,370,"high","asian",1,1,0,"Medium","TX",0,0,1,1,0
"505",TRUE,514,"high","european",0,1,0,"Low","TX",0,1,1,1,1
"506",TRUE,288,"high","american",1,1,0,"Medium","TX",1,1,1,0,0
"507",TRUE,13,"high","asian",1,1,0,"Low","TX",0,0,1,1,0
"508",TRUE,89,"low","european",1,1,0,"NA","TX",0,0,1,1,1
"509",TRUE,124,"low","latin",0,0,0,"Medium","TX",0,0,1,1,0
"510",TRUE,667,"high","american",1,1,0,"Medium","TX",0,1,1,1,1
"511",TRUE,224,"high","american",1,1,0,"Medium","TX",0,0,1,0,0
"512",TRUE,296,"high","asian",1,1,0,"Medium","TX",0,0,1,1,0
"513",TRUE,374,"high","asian",1,1,0,"Medium","TX",0,0,1,1,0
"514",TRUE,198,"low","american",1,1,0,"Medium","TX",0,0,1,1,0
"515",TRUE,330,"high","american",1,1,0,"Medium","TX",0,0,0,1,1
"516",TRUE,232,"high","other",0,1,0,"Medium","TX",0,0,1,0,0
"517",TRUE,221,"high","latin",1,1,0,"Low","TX",0,0,1,1,0
"518",TRUE,3,"low","american",1,1,0,"NA","TX",1,1,1,1,1
"519",TRUE,312,"low","american",1,1,0,"Medium","TX",0,0,0,1,1
"520",TRUE,230,"low","asian",1,1,0,"Low","TX",0,0,1,1,0
"521",TRUE,145,"low","american",1,1,0,"Low","TX",0,1,0,1,1
"522",TRUE,136,"high","asian",0,0,0,"Low","TX",0,0,1,1,0
"523",TRUE,186,"low","asian",1,1,0,"Medium","TX",0,0,1,1,0
"524",TRUE,86,"high","asian",1,1,1,"Medium","TX",0,0,0,1,1
"525",TRUE,82,"high","asian",1,1,0,"Medium","TX",1,0,1,0,0
"526",TRUE,99,"high","asian",0,1,0,"Medium","TX",0,0,1,1,0
"527",TRUE,44,"high","asian",1,1,0,"NA","TX",1,0,1,0,0
"528",TRUE,87,"high","asian",1,1,0,"Medium","TX",1,0,1,1,1
"529",TRUE,167,"high","asian",1,1,0,"Medium","TX",1,1,1,1,0
"530",TRUE,39,"high","asian",0,1,0,"NA","TX",1,0,1,0,0
"531",TRUE,286,"high","asian",0,0,0,"NA","TX",0,0,1,1,1
"532",TRUE,447,"high","asian",1,1,0,"Medium","TX",0,0,1,0,0
"533",TRUE,193,"high","asian",1,1,0,"Low","TX",0,1,1,1,0
"534",TRUE,92,"low","asian",0,0,0,"Medium","TX",0,1,1,1,1
"535",TRUE,311,"high","asian",0,0,0,"Medium","TX",0,0,1,1,1
"536",TRUE,105,"high","asian",1,1,0,"Medium","TX",1,1,1,1,0
"537",TRUE,156,"high","asian",1,1,0,"Low","TX",0,0,1,1,0
"538",FALSE,13,"low","asian",0,0,0,"NA","TX",0,0,1,1,0
"539",TRUE,22,"high","asian",1,1,0,"NA","TX",0,0,1,1,0
"540",TRUE,245,"low","asian",1,1,0,"Medium","TX",1,0,1,1,0
"541",TRUE,325,"high","asian",0,1,0,"Low","TX",0,0,1,1,1
"542",TRUE,51,"low","american",1,1,0,"Low","TX",0,1,1,1,0
"543",TRUE,167,"high","breakfast",0,1,0,"Low","TX",0,1,1,1,0
"544",TRUE,129,"high","desserts",1,1,0,"Low","TX",0,0,1,1,1
"545",TRUE,79,"low","desserts",0,1,0,"Low","TX",1,0,1,1,0
"546",TRUE,20,"high","american",0,0,0,"Low","TX",0,1,0,1,1
"547",TRUE,29,"low","asian",0,0,0,"NA","TX",0,0,1,1,0
"548",TRUE,126,"low","asian",1,1,0,"NA","TX",1,0,1,0,0
"549",TRUE,120,"low","european",1,1,0,"Medium","TX",1,1,1,1,1
"550",TRUE,92,"low","asian",1,1,0,"NA","TX",0,0,1,1,1
"551",TRUE,53,"low","american",0,0,0,"Medium","TX",0,1,1,1,1
"552",TRUE,13,"low","american",1,1,0,"Low","TX",0,1,1,1,1
"553",TRUE,10,"low","american",1,1,0,"Low","TX",0,1,1,1,1
"554",TRUE,161,"high","american",1,1,0,"Medium","TX",1,0,0,1,1
"555",TRUE,96,"high","american",1,1,0,"Low","TX",1,0,1,1,0
"556",TRUE,135,"high","asian",1,1,0,"Low","TX",1,0,1,0,0
"557",TRUE,228,"high","american",1,1,0,"Medium","TX",1,1,1,1,0
"558",TRUE,87,"high","desserts",1,1,0,"NA","TX",1,1,1,0,0
"559",FALSE,1,"low","other",0,0,0,"NA","TX",0,0,0,0,0
"560",TRUE,6,"low","american",0,1,0,"Medium","TX",0,1,1,0,0
"561",TRUE,18,"high","american",1,1,0,"NA","TX",0,1,0,0,0
"562",TRUE,730,"high","american",1,1,0,"High","TX",1,0,0,1,1
"563",TRUE,246,"low","asian",0,1,0,"Medium","TX",1,0,1,1,1
"564",TRUE,1,"low","american",0,0,0,"NA","TX",0,0,0,1,1
"565",TRUE,1168,"high","european",0,1,0,"Medium","TX",0,0,1,1,0
"566",TRUE,50,"high","european",1,1,0,"Medium","TX",1,0,0,1,1
"567",TRUE,320,"high","asian",1,1,0,"Medium","TX",0,0,1,1,1
"568",TRUE,531,"high","latin",0,0,0,"Medium","TX",0,0,1,1,0
"569",TRUE,178,"high","latin",1,1,0,"Medium","TX",0,0,1,1,0
"570",TRUE,92,"low","asian",0,0,0,"Medium","TX",1,0,1,0,0
"571",TRUE,392,"low","american",1,1,0,"Medium","TX",0,1,1,1,0
"572",TRUE,70,"high","european",0,1,0,"Medium","TX",0,0,1,1,0
"573",TRUE,119,"high","latin",0,1,0,"Low","TX",0,1,1,1,1
"574",TRUE,269,"low","asian",1,1,0,"Medium","TX",0,0,1,0,0
"575",TRUE,501,"high","european",1,1,0,"Medium","TX",0,0,1,1,0
"576",TRUE,18,"low","american",1,1,0,"NA","TX",1,0,1,1,0
"577",TRUE,4,"low","american",0,0,0,"NA","TX",0,0,0,1,1
"578",TRUE,724,"low","american",0,1,1,"Medium","TX",0,0,1,1,1
"579",TRUE,533,"high","asian",0,1,0,"Medium","TX",0,0,1,0,0
"580",TRUE,140,"high","american",1,1,0,"Low","TX",0,1,1,1,0
"581",TRUE,407,"low","asian",1,1,0,"Medium","TX",0,0,1,0,0
"582",TRUE,72,"low","european",1,1,0,"Medium","TX",1,0,1,1,0
"583",TRUE,10,"high","american",1,1,0,"NA","TX",0,0,1,1,0
"584",TRUE,407,"high","asian",0,1,0,"Medium","TX",0,0,1,0,0
"585",TRUE,76,"low","american",1,1,0,"Medium","TX",0,0,0,1,1
"586",TRUE,249,"low","asian",0,1,0,"Medium","TX",0,0,1,0,0
"587",TRUE,42,"low","asian",1,1,0,"Medium","TX",1,0,1,0,0
"588",FALSE,8,"low","asian",0,1,0,"NA","TX",0,1,1,1,1
"589",TRUE,38,"low","american",0,1,0,"Low","TX",0,1,1,1,1
"590",TRUE,1,"high","american",1,1,0,"NA","TX",1,1,1,1,1
"591",TRUE,108,"high","european",1,1,0,"Medium","TX",0,0,1,1,0
"592",TRUE,94,"low","asian",1,1,0,"Medium","TX",1,1,1,1,1
"593",FALSE,13,"low","asian",0,0,0,"Low","TX",0,0,0,0,0
"594",FALSE,35,"low","asian",0,0,0,"Medium","TX",0,1,1,1,1
"595",TRUE,107,"high","latin",1,1,0,"Low","TX",0,1,1,1,0
"596",TRUE,86,"high","asian",1,1,0,"Medium","TX",0,0,1,0,0
"597",TRUE,62,"low","american",1,1,0,"Low","TX",0,1,1,1,1
"598",TRUE,39,"low","american",0,1,0,"Low","TX",0,1,0,1,1
"599",TRUE,25,"low","latin",0,1,0,"Low","TX",0,1,0,1,1
"600",TRUE,39,"low","american",1,1,0,"Low","TX",0,1,1,1,1
"601",TRUE,40,"high","american",1,0,0,"NA","TX",0,0,1,1,0
"602",TRUE,43,"low","asian",1,1,0,"NA","TX",0,0,1,0,0
"603",TRUE,47,"high","asian",1,1,0,"Low","TX",0,0,0,1,0
"604",TRUE,15,"low","american",0,1,0,"Low","TX",1,1,1,1,1
"605",TRUE,9,"low","american",1,1,0,"Low","TX",0,1,1,1,1
"606",FALSE,1,"low","asian",0,0,0,"NA","TX",0,0,0,0,0
"607",FALSE,8,"low","american",0,0,0,"Low","TX",0,0,1,1,1
"608",TRUE,138,"high","european",1,1,0,"Medium","TX",0,0,0,1,0
"609",FALSE,63,"low","asian",1,1,0,"Medium","TX",0,0,1,1,1
"610",TRUE,24,"high","american",1,1,0,"NA","TX",0,0,1,1,1
"611",TRUE,27,"high","european",1,1,0,"NA","TX",0,0,1,1,0
"612",TRUE,7,"high","breakfast",0,1,0,"NA","TX",1,1,1,1,1
"613",TRUE,13,"low","american",0,0,0,"Medium","TX",1,1,0,0,0
"614",FALSE,2,"low","other",0,0,0,"NA","TX",0,0,0,0,0
"615",TRUE,8,"high","american",0,0,0,"NA","TX",0,1,0,0,0
"616",TRUE,31,"high","american",0,0,0,"NA","TX",1,0,0,0,0
"617",TRUE,153,"high","american",1,1,0,"Medium","TX",0,0,1,1,1
"618",TRUE,11,"high","breakfast",0,0,0,"Medium","TX",1,1,0,1,1
"619",TRUE,789,"high","american",0,1,0,"Medium","TX",1,0,1,1,1
"620",TRUE,1247,"high","american",1,1,0,"Low","TX",0,1,1,1,0
"621",TRUE,388,"high","american",1,1,0,"Medium","TX",0,1,1,1,1
"622",TRUE,195,"low","american",0,1,0,"Medium","TX",0,0,0,0,0
"623",TRUE,316,"low","american",1,1,0,"Medium","TX",0,0,1,1,0
"624",TRUE,651,"high","american",1,1,0,"Medium","TX",1,1,1,0,0
"625",TRUE,195,"high","american",0,0,0,"Medium","TX",0,1,1,0,0
"626",TRUE,52,"high","asian",0,0,0,"NA","TX",1,0,1,0,0
"627",TRUE,514,"low","european",1,1,0,"Medium","TX",0,0,1,1,1
"628",TRUE,314,"high","asian",0,1,0,"Medium","TX",1,0,1,0,0
"629",TRUE,153,"high","latin",0,1,0,"Low","TX",0,1,1,1,0
"630",TRUE,365,"low","european",1,1,0,"Medium","TX",0,0,1,1,0
"631",TRUE,9,"high","other",0,0,0,"NA","TX",1,1,1,1,0
"632",TRUE,138,"high","american",1,1,0,"NA","TX",0,1,1,1,1
"633",TRUE,187,"low","european",1,1,0,"Medium","TX",0,1,1,1,1
"634",TRUE,118,"low","latin",1,1,0,"Medium","TX",0,0,1,1,1
"635",TRUE,231,"low","desserts",1,1,0,"Medium","TX",0,1,1,1,1
"636",TRUE,60,"low","european",0,0,0,"Low","TX",0,1,1,1,0
"637",TRUE,131,"low","american",0,1,0,"Medium","TX",1,0,1,1,0
"638",TRUE,96,"low","american",0,0,0,"Low","TX",0,0,1,1,1
"639",TRUE,1211,"high","american",1,1,0,"Medium","TX",0,0,0,1,1
"640",TRUE,35,"high","american",0,0,0,"NA","TX",0,0,0,1,1
"641",TRUE,92,"low","american",1,1,0,"Medium","TX",0,1,0,1,1
"642",TRUE,126,"high","mideastern",1,1,0,"Medium","TX",0,0,1,1,1
"643",TRUE,71,"low","latin",1,1,0,"Medium","TX",0,0,1,1,1
"644",TRUE,451,"high","asian",1,1,0,"Medium","TX",0,0,0,1,1
"645",TRUE,546,"high","latin",1,1,0,"High","TX",0,0,0,1,0
"646",TRUE,31,"high","asian",1,1,0,"Medium","TX",1,0,1,1,1
"647",TRUE,245,"low","american",1,1,0,"Medium","TX",0,0,0,1,1
"648",TRUE,233,"high","asian",1,1,0,"Low","TX",0,0,1,1,0
"649",FALSE,99,"high","asian",1,1,0,"NA","TX",0,0,1,1,1
"650",TRUE,127,"high","american",1,1,0,"Medium","TX",1,0,0,0,0
"651",TRUE,308,"high","asian",0,1,0,"Medium","TX",0,0,1,0,0
"652",TRUE,472,"high","american",1,1,0,"Medium","TX",0,0,1,1,0
"653",TRUE,372,"high","european",1,1,0,"Medium","TX",0,0,1,1,0
"654",TRUE,38,"high","american",0,1,0,"NA","TX",0,0,1,1,0
"655",TRUE,195,"high","european",1,1,0,"Medium","TX",1,0,1,1,0
"656",TRUE,33,"high","american",0,0,0,"Low","TX",1,0,1,1,0
"657",TRUE,148,"low","asian",1,1,0,"Medium","TX",1,0,1,0,0
"658",TRUE,8,"low","american",0,1,0,"NA","TX",0,0,0,0,0
"659",TRUE,20,"high","mideastern",1,1,0,"Medium","TX",1,0,1,1,1
"660",FALSE,20,"low","american",1,1,0,"NA","TX",0,0,0,1,1
"661",TRUE,166,"low","american",1,1,0,"Low","TX",0,1,0,1,1
"662",TRUE,216,"low","asian",1,1,0,"Medium","TX",1,0,1,0,0
"663",TRUE,98,"high","desserts",1,1,0,"Low","TX",0,0,1,1,1
"664",TRUE,330,"low","asian",1,1,0,"Medium","TX",0,0,1,1,0
"665",TRUE,59,"low","american",1,1,0,"NA","TX",0,0,1,1,1
"666",TRUE,16,"high","other",1,1,0,"NA","TX",1,0,1,1,0
"667",TRUE,241,"low","american",1,1,0,"Medium","TX",0,0,1,1,1
"668",TRUE,193,"low","asian",1,1,0,"Medium","TX",1,1,1,1,1
"669",TRUE,4,"low","american",1,1,0,"NA","TX",1,1,1,1,0
"670",TRUE,208,"low","american",1,1,0,"Medium","TX",1,1,0,1,1
"671",TRUE,149,"high","european",0,1,0,"Medium","TX",0,0,0,1,1
"672",TRUE,289,"low","latin",1,1,0,"Low","TX",0,1,1,1,1
"673",TRUE,47,"low","latin",0,1,0,"Low","TX",0,1,0,1,1
"674",TRUE,52,"low","asian",1,1,0,"Medium","TX",0,1,1,1,1
"675",TRUE,431,"high","american",0,0,0,"Low","TX",0,1,0,1,1
"676",TRUE,57,"high","mideastern",1,1,0,"Low","TX",1,1,1,1,1
"677",TRUE,30,"low","american",1,1,0,"Low","TX",0,1,1,1,1
"678",TRUE,40,"low","american",1,1,0,"Low","TX",0,1,1,1,1
"679",FALSE,3,"low","american",0,1,0,"NA","TX",0,0,0,0,0
"680",FALSE,72,"high","american",1,1,0,"NA","TX",0,0,1,1,0
"681",TRUE,35,"low","american",0,0,0,"Low","TX",0,1,0,1,1
"682",FALSE,1,"low","other",0,0,0,"Low","TX",0,0,0,0,0
"683",TRUE,146,"high","asian",1,1,0,"Low","TX",0,0,0,1,0
"684",TRUE,94,"high","desserts",0,1,0,"Low","TX",0,1,1,0,0
"685",FALSE,44,"low","american",1,1,0,"Low","TX",0,0,0,1,1
"686",TRUE,2,"low","american",0,0,0,"NA","TX",1,1,0,0,0
"687",TRUE,586,"high","asian",0,1,0,"Medium","TX",0,0,1,0,0
"688",TRUE,1236,"high","american",0,0,0,"Medium","TX",0,0,1,1,0
"689",TRUE,817,"high","american",1,1,0,"High","TX",0,0,0,1,1
"690",TRUE,89,"high","asian",1,1,0,"Medium","TX",0,0,1,1,0
"691",FALSE,7,"low","latin",1,1,0,"NA","TX",0,0,0,0,0
"692",TRUE,321,"low","latin",0,1,0,"Medium","TX",0,0,1,1,1
"693",TRUE,302,"high","desserts",1,1,0,"Low","TX",1,1,1,1,0
"694",TRUE,1702,"high","american",0,1,0,"Medium","TX",0,0,1,1,1
"695",TRUE,50,"high","latin",0,0,0,"Medium","TX",0,1,1,1,0
"696",TRUE,56,"high","latin",0,0,0,"NA","TX",1,0,1,1,0
"697",TRUE,1163,"high","other",1,1,0,"Medium","TX",1,1,1,1,1
"698",TRUE,26,"low","european",0,0,0,"NA","TX",0,0,1,1,0
"699",TRUE,113,"high","american",0,0,0,"Low","TX",0,0,1,1,0
"700",TRUE,464,"high","latin",1,1,0,"High","TX",0,0,1,0,0
"701",TRUE,233,"high","american",1,1,0,"Medium","TX",1,0,1,1,0
"702",TRUE,208,"high","desserts",0,0,0,"Medium","TX",0,1,1,1,0
"703",TRUE,32,"high","american",0,0,0,"NA","TX",0,0,1,1,0
"704",TRUE,30,"low","asian",0,0,0,"NA","TX",0,0,1,1,0
"705",TRUE,17,"high","latin",0,0,0,"NA","TX",0,0,1,1,0
"706",TRUE,42,"high","asian",0,0,0,"Medium","TX",1,0,1,1,0
"707",FALSE,5,"low","latin",0,0,0,"NA","TX",0,0,0,0,0
"708",TRUE,66,"low","latin",0,0,0,"NA","TX",1,1,1,1,0
"709",TRUE,6,"low","asian",0,0,0,"NA","TX",1,0,1,1,1
"710",TRUE,81,"low","european",0,0,0,"Low","TX",0,1,1,1,0
"711",TRUE,61,"low","american",0,0,0,"NA","TX",1,1,1,1,0
"712",TRUE,47,"low","asian",1,1,0,"NA","TX",0,0,1,1,1
"713",TRUE,8,"low","american",1,1,0,"NA","TX",1,0,1,1,0
"714",FALSE,1,"low","latin",1,1,0,"NA","TX",0,0,1,1,0
"715",TRUE,176,"high","american",1,1,0,"NA","TX",0,0,1,1,0
"716",FALSE,15,"high","breakfast",0,0,0,"NA","TX",0,1,0,0,0
"717",TRUE,453,"low","latin",1,1,0,"Medium","TX",1,0,1,1,0
"718",TRUE,16,"high","american",0,1,0,"Medium","TX",0,1,1,0,0
"719",TRUE,189,"low","european",0,1,0,"Medium","TX",0,0,1,1,0
"720",TRUE,8,"high","breakfast",0,1,0,"NA","TX",0,0,0,0,0
"721",TRUE,6,"high","american",1,1,0,"Medium","TX",1,1,1,0,0
"722",FALSE,1,"high","american",0,0,0,"NA","TX",0,1,1,0,0
"723",TRUE,53,"high","american",1,1,0,"Low","TX",0,1,1,1,0
"724",TRUE,650,"high","american",1,1,0,"Medium","TX",0,0,0,1,1
"725",TRUE,379,"high","asian",1,1,0,"Medium","TX",0,0,1,1,0
"726",TRUE,189,"high","asian",0,1,0,"Medium","TX",0,0,1,0,0
"727",TRUE,181,"high","latin",0,0,0,"Medium","TX",1,0,0,1,0
"728",TRUE,155,"high","asian",0,1,0,"High","TX",0,0,1,1,0
"729",TRUE,299,"high","asian",1,1,0,"Medium","TX",1,0,1,1,0
"730",TRUE,14,"high","european",0,0,0,"NA","TX",1,0,0,0,0
"731",TRUE,18,"low","american",0,1,0,"Medium","TX",1,0,0,1,1
"732",TRUE,532,"low","mideastern",1,1,0,"Medium","TX",0,0,0,1,1
"733",TRUE,84,"low","american",1,1,0,"Low","TX",0,1,1,1,0
"734",TRUE,226,"low","asian",1,0,0,"Medium","TX",0,0,1,0,0
"735",FALSE,1,"high","european",0,1,0,"NA","TX",0,0,0,0,0
"736",TRUE,170,"low","asian",1,1,0,"Medium","TX",0,0,1,1,0
"737",TRUE,125,"low","latin",1,1,0,"Low","TX",0,1,1,1,0
"738",TRUE,165,"low","asian",1,1,0,"Medium","TX",1,0,0,0,0
"739",TRUE,233,"low","asian",1,1,0,"Medium","TX",0,0,1,1,0
"740",TRUE,8,"high","european",0,0,0,"NA","TX",1,0,0,1,0
"741",TRUE,386,"low","asian",0,1,0,"Medium","TX",0,1,1,1,1
"742",TRUE,136,"low","asian",1,1,0,"Medium","TX",0,0,1,0,0
"743",TRUE,250,"low","asian",1,1,0,"Low","TX",0,0,1,1,0
"744",TRUE,595,"high","latin",0,0,0,"Low","TX",0,1,1,1,0
"745",TRUE,256,"high","asian",1,1,0,"Medium","TX",0,0,0,0,0
"746",TRUE,203,"high","european",1,1,0,"Medium","TX",0,0,1,1,0
"747",TRUE,42,"low","american",1,1,0,"Low","TX",1,1,1,1,1
"748",TRUE,18,"low","american",1,1,0,"Low","TX",0,1,1,1,1
"749",TRUE,45,"high","american",1,1,0,"NA","TX",1,1,1,1,1
"750",TRUE,126,"low","european",1,1,0,"Medium","TX",1,0,1,1,0
"751",TRUE,23,"high","american",0,1,0,"Medium","TX",1,0,1,1,0
"752",TRUE,14,"high","american",0,0,0,"NA","TX",0,0,1,1,0
"753",FALSE,1,"high","american",0,0,0,"NA","TX",0,0,0,0,0
"754",TRUE,116,"high","american",0,0,0,"Medium","TX",1,0,1,1,0
"755",TRUE,34,"high","american",1,1,0,"NA","TX",1,1,1,0,0
"756",TRUE,15,"high","other",0,1,0,"NA","TX",0,0,1,1,0
"757",TRUE,235,"low","latin",0,1,0,"Medium","TX",0,0,1,1,0
"758",TRUE,13,"high","american",1,1,0,"NA","TX",0,1,1,1,1
"759",TRUE,41,"low","latin",0,1,0,"Low","TX",0,1,0,1,1
"760",FALSE,18,"high","desserts",0,0,0,"Low","TX",0,1,1,0,0
"761",TRUE,52,"low","asian",0,1,0,"Low","TX",0,0,1,1,1
"762",TRUE,39,"high","american",0,0,0,"Low","TX",1,1,1,1,0
"763",TRUE,6,"high","american",0,0,0,"Medium","TX",0,1,0,1,1
"764",TRUE,37,"low","american",1,1,0,"Low","TX",0,1,1,1,1
"765",TRUE,55,"low","asian",1,1,0,"Low","TX",0,1,1,1,1
"766",TRUE,83,"high","american",0,0,0,"Medium","TX",0,1,1,1,0
"767",TRUE,355,"high","american",0,1,0,"Medium","TX",1,0,1,1,0
"768",TRUE,64,"high","american",1,1,0,"Medium","TX",0,0,1,1,0
"769",TRUE,28,"low","american",0,0,0,"NA","TX",0,0,0,0,0
"770",TRUE,53,"high","asian",0,0,0,"NA","TX",0,0,0,1,1
"771",TRUE,194,"low","american",0,0,0,"Medium","TX",0,0,0,1,1
"772",TRUE,501,"high","american",1,1,0,"Medium","TX",0,0,1,1,0
"773",TRUE,186,"high","european",1,1,0,"Medium","TX",0,0,1,1,1
"774",TRUE,142,"low","european",1,1,0,"High","TX",1,0,1,1,1
"775",TRUE,245,"low","american",1,1,0,"Medium","TX",0,0,1,1,1
"776",TRUE,195,"low","asian",0,0,0,"NA","TX",0,0,1,1,1
"777",TRUE,29,"high","european",1,1,0,"Medium","TX",0,0,0,1,1
"778",TRUE,140,"low","american",1,1,0,"Medium","TX",0,0,1,1,1
"779",TRUE,219,"low","latin",1,1,0,"Medium","TX",0,0,1,1,0
"780",TRUE,92,"low","american",1,1,0,"Medium","TX",1,0,1,1,0
"781",TRUE,92,"low","asian",1,1,0,"Low","TX",1,0,1,1,0
"782",TRUE,573,"low","latin",1,0,0,"Medium","TX",0,0,0,1,1
"783",TRUE,5,"low","american",1,1,0,"NA","TX",0,1,1,1,0
"784",TRUE,17,"low","american",0,0,0,"NA","TX",1,0,0,1,1
"785",TRUE,94,"high","european",1,1,0,"Medium","TX",0,0,1,1,0
"786",FALSE,1,"high","american",0,0,0,"NA","TX",0,0,0,0,0
"787",TRUE,60,"low","american",0,1,0,"Low","TX",0,1,1,1,0
"788",TRUE,4,"low","american",0,1,0,"Low","TX",0,1,1,1,0
"789",TRUE,57,"high","american",0,0,0,"Medium","TX",0,0,0,1,1
"790",TRUE,1023,"high","european",1,1,0,"Medium","TX",1,0,1,1,1
"791",TRUE,982,"high","european",0,1,0,"Medium","TX",0,0,1,1,1
"792",TRUE,1076,"high","american",1,1,0,"High","TX",0,0,1,1,1
"793",TRUE,65,"high","european",1,1,0,"Medium","TX",1,1,1,1,1
"794",TRUE,1903,"high","latin",0,1,0,"Medium","TX",0,0,1,1,1
"795",TRUE,21,"high","american",0,0,0,"Medium","TX",0,0,1,1,1
"796",TRUE,308,"low","asian",0,1,0,"High","TX",0,0,0,1,1
"797",TRUE,146,"low","american",0,0,0,"Medium","TX",0,0,0,1,1
"798",TRUE,355,"low","european",0,1,0,"High","TX",0,0,1,1,1
"799",TRUE,607,"high","american",1,1,0,"Medium","TX",0,0,1,1,0
"800",TRUE,211,"high","european",0,0,0,"Medium","TX",0,1,1,1,1
"801",TRUE,293,"low","european",0,1,0,"Medium","TX",0,0,1,1,1
"802",TRUE,9,"high","asian",0,0,0,"NA","TX",1,0,1,0,0
"803",TRUE,23,"high","american",1,1,0,"Medium","TX",1,0,1,1,0
"804",TRUE,25,"low","asian",0,1,0,"NA","TX",1,1,0,0,0
"805",TRUE,459,"high","american",1,1,0,"Medium","TX",0,0,1,1,0
"806",TRUE,381,"low","latin",0,1,0,"Medium","TX",0,0,1,1,0
"807",TRUE,26,"high","american",1,1,0,"NA","TX",1,1,1,0,0
"808",TRUE,417,"low","american",1,1,0,"High","TX",0,0,1,1,1
"809",TRUE,32,"low","american",0,1,0,"Medium","TX",0,0,0,1,1
"810",TRUE,640,"high","american",0,0,0,"High","TX",0,0,1,1,0
"811",TRUE,912,"high","american",0,0,0,"Medium","TX",0,0,1,1,0
"812",TRUE,49,"low","european",1,1,0,"Medium","TX",1,0,1,1,1
"813",TRUE,453,"low","american",1,1,0,"Medium","TX",0,0,1,1,1
"814",TRUE,410,"high","american",0,0,0,"High","TX",0,0,1,1,1
"815",FALSE,173,"high","latin",0,0,0,"NA","TX",0,0,1,0,0
"816",TRUE,174,"high","american",0,0,0,"Medium","TX",0,1,1,1,0
"817",TRUE,31,"high","american",1,1,0,"Medium","TX",1,0,1,1,0
"818",TRUE,451,"high","american",1,1,0,"Medium","TX",0,0,0,1,1
"819",TRUE,479,"high","other",0,1,0,"Medium","TX",1,0,1,1,0
"820",TRUE,395,"low","american",1,1,0,"High","TX",0,0,1,1,0
"821",TRUE,354,"high","asian",1,0,0,"Medium","TX",0,0,1,0,0
"822",TRUE,169,"low","asian",1,1,0,"Medium","TX",1,0,1,0,0
"823",TRUE,437,"high","american",0,0,0,"High","TX",0,0,0,1,0
"824",TRUE,169,"low","american",0,1,0,"Medium","TX",0,0,1,1,1
"825",TRUE,2,"low","american",1,1,0,"NA","TX",0,0,0,0,0
"826",TRUE,129,"low","american",1,1,0,"Medium","TX",1,0,0,1,1
"827",TRUE,253,"high","latin",1,1,0,"Medium","TX",0,0,1,1,0
"828",TRUE,157,"low","american",0,1,0,"Medium","TX",0,0,1,1,0
"829",TRUE,153,"low","american",0,1,0,"Medium","TX",0,0,1,1,0
"830",TRUE,217,"low","asian",1,1,0,"Medium","TX",0,0,1,1,0
"831",TRUE,50,"low","american",0,1,0,"Low","TX",0,1,1,1,1
"832",TRUE,234,"high","desserts",1,1,0,"Low","TX",0,1,1,1,0
"833",TRUE,77,"high","american",1,1,0,"Low","TX",0,1,1,1,0
"834",TRUE,57,"low","asian",1,1,0,"Low","TX",0,1,1,1,0
"835",TRUE,100,"low","american",1,1,0,"Low","TX",0,1,1,1,0
"836",TRUE,143,"low","latin",1,1,0,"Low","TX",0,1,1,1,1
"837",TRUE,43,"low","american",0,1,0,"Low","TX",1,1,0,1,1
"838",TRUE,28,"low","american",1,1,0,"Low","TX",1,1,1,1,1
"839",TRUE,10,"low","asian",0,0,0,"NA","TX",0,0,1,1,0
"840",TRUE,226,"low","european",0,0,0,"Medium","TX",0,0,1,1,1
"841",TRUE,161,"low","asian",1,1,0,"Low","TX",0,0,1,1,0
"842",TRUE,29,"low","asian",1,1,0,"NA","TX",1,0,1,1,1
"843",TRUE,33,"low","american",1,1,0,"Medium","TX",0,1,1,1,0
"844",TRUE,225,"low","american",1,1,0,"Medium","TX",0,0,1,1,1
"845",TRUE,61,"high","american",1,0,0,"Low","TX",0,1,1,1,0
"846",FALSE,2,"high","other",0,0,0,"NA","TX",0,0,0,0,0
"847",TRUE,31,"low","asian",0,1,0,"Low","TX",0,0,0,0,0
"848",TRUE,7,"high","american",0,1,0,"NA","TX",1,0,1,1,0
"849",FALSE,2,"low","breakfast",0,0,0,"NA","TX",0,0,0,0,0
"850",TRUE,9,"low","american",0,0,0,"NA","TX",1,1,1,1,0
"851",TRUE,24,"low","american",0,0,0,"Low","TX",0,0,1,1,0
"852",TRUE,15,"low","european",1,1,0,"Low","TX",0,1,1,1,0
"853",FALSE,36,"low","american",0,0,0,"Medium","TX",0,0,0,0,0
"854",TRUE,91,"low","american",0,1,0,"Medium","TX",1,1,0,1,1
"855",FALSE,2,"low","american",0,0,0,"NA","TX",0,0,1,1,0
"856",FALSE,7,"low","european",1,1,0,"NA","TX",0,0,0,0,0
"857",TRUE,14,"low","american",0,1,0,"Low","TX",1,0,1,1,0
"858",TRUE,10,"low","asian",0,1,0,"Low","TX",0,0,1,1,0
"859",TRUE,2,"low","american",1,1,0,"NA","TX",0,0,1,1,0
"860",FALSE,7,"low","latin",0,0,0,"NA","TX",0,0,0,0,0
"861",TRUE,13,"low","desserts",1,1,0,"Low","TX",1,1,1,1,0
"862",TRUE,1,"low","american",1,1,0,"NA","TX",0,0,0,0,0
"863",TRUE,1,"high","american",1,1,0,"NA","TX",1,0,1,1,0
"864",TRUE,1,"low","american",1,1,0,"NA","TX",1,1,1,1,0
"865",FALSE,17,"low","american",0,0,0,"Low","TX",0,1,0,1,1
"866",TRUE,1,"high","american",0,1,0,"NA","TX",0,0,1,1,0
"867",TRUE,430,"low","european",1,1,0,"Medium","TX",0,0,1,1,0
"868",TRUE,99,"high","american",1,1,0,"Low","TX",0,1,1,1,1
"869",TRUE,78,"high","american",0,1,0,"Low","TX",1,1,1,1,1
"870",TRUE,2,"low","american",0,1,0,"NA","TX",0,0,1,1,1
"871",TRUE,216,"low","asian",1,1,0,"Medium","TX",0,0,1,0,0
"872",FALSE,2,"low","asian",0,1,0,"NA","TX",0,0,1,0,0
"873",TRUE,10,"low","american",1,1,0,"Low","TX",0,1,1,1,1
"874",TRUE,161,"low","latin",1,1,0,"Medium","TX",0,0,1,1,1
"875",TRUE,9,"high","asian",1,1,0,"NA","TX",1,0,1,0,0
"876",TRUE,100,"low","american",0,1,0,"Low","TX",0,1,0,1,1
"877",FALSE,1,"low","other",0,0,0,"Medium","TX",0,0,0,0,0
"878",TRUE,3,"high","breakfast",0,1,0,"NA","TX",0,1,1,0,0
"879",TRUE,358,"high","mideastern",1,0,0,"Medium","TX",0,0,1,1,1
"880",TRUE,127,"low","american",1,1,0,"Medium","TX",1,0,0,1,1
"881",FALSE,18,"high","other",0,0,0,"NA","TX",0,0,0,1,0
"882",TRUE,718,"low","asian",1,1,0,"Medium","TX",0,0,0,1,1
"883",FALSE,45,"low","american",0,0,0,"NA","TX",0,0,0,1,1
"884",TRUE,438,"low","asian",1,1,0,"Medium","TX",0,0,1,1,1
"885",TRUE,136,"low","european",0,1,0,"Medium","TX",0,0,0,1,1
"886",TRUE,424,"low","latin",0,1,0,"Medium","TX",1,0,1,1,1
"887",TRUE,319,"low","american",1,1,0,"Medium","TX",0,0,0,1,1
"888",TRUE,487,"low","american",0,1,0,"Medium","TX",0,1,1,1,0
"889",TRUE,211,"low","breakfast",0,0,0,"Medium","TX",1,0,0,1,0
"890",TRUE,121,"low","american",1,1,0,"Medium","TX",1,0,1,1,0
"891",TRUE,131,"high","breakfast",0,0,0,"Medium","TX",0,0,1,1,1
"892",TRUE,436,"low","american",0,1,0,"Medium","TX",0,0,0,1,1
"893",TRUE,109,"low","latin",1,1,0,"Low","TX",0,1,1,1,1
"894",TRUE,97,"low","american",1,1,0,"Low","TX",0,1,1,1,0
"895",TRUE,62,"low","american",0,1,0,"Low","TX",0,1,1,1,0
"896",TRUE,247,"high","asian",1,1,0,"Medium","NV",1,0,1,1,0
"897",TRUE,12,"high","breakfast",1,1,0,"NA","NV",1,1,1,0,0
"898",FALSE,33,"low","latin",0,1,0,"NA","NV",0,1,0,1,1
"899",TRUE,284,"high","american",1,1,0,"Medium","NV",1,1,1,0,0
"900",TRUE,537,"high","american",1,1,0,"Medium","NV",1,0,1,1,0
"901",TRUE,599,"high","european",1,1,0,"Medium","NV",0,1,1,1,0
"902",TRUE,2319,"high","asian",1,1,0,"Medium","NV",0,0,0,1,1
"903",TRUE,660,"high","american",1,1,0,"Medium","NV",0,1,1,0,0
"904",TRUE,132,"high","desserts",0,1,0,"Medium","NV",1,1,1,0,0
"905",TRUE,892,"high","asian",1,1,0,"Medium","NV",0,0,1,1,1
"906",TRUE,325,"high","european",0,1,0,"Medium","NV",0,0,1,1,1
"907",TRUE,277,"low","asian",1,1,0,"Low","NV",0,0,1,1,0
"908",TRUE,451,"high","asian",1,0,0,"Medium","NV",0,0,1,1,1
"909",TRUE,54,"low","american",1,1,0,"Low","NV",1,1,1,1,0
"910",TRUE,238,"low","american",1,1,0,"Low","NV",0,0,1,1,1
"911",TRUE,119,"low","american",1,1,0,"Low","NV",0,1,1,1,1
"912",TRUE,70,"low","american",1,1,0,"Low","NV",0,1,0,1,1
"913",FALSE,1,"high","american",0,0,0,"NA","NV",0,0,0,0,0
"914",TRUE,1100,"high","breakfast",1,1,0,"Medium","NV",0,1,1,0,0
"915",TRUE,427,"high","asian",1,1,0,"Medium","NV",0,0,1,0,0
"916",TRUE,1510,"high","latin",1,1,0,"Medium","NV",0,1,1,0,0
"917",TRUE,794,"high","latin",0,1,0,"Medium","NV",1,0,1,1,0
"918",TRUE,414,"high","breakfast",0,1,0,"Medium","NV",0,1,1,0,0
"919",TRUE,155,"high","european",0,0,0,"High","NV",1,0,0,1,0
"920",TRUE,815,"low","latin",1,1,0,"Medium","NV",0,1,1,1,1
"921",TRUE,213,"high","desserts",0,1,0,"Medium","NV",1,1,1,0,0
"922",TRUE,132,"high","american",1,1,0,"Medium","NV",1,1,1,0,0
"923",FALSE,1,"high","american",0,0,0,"NA","NV",0,1,1,0,0
"924",TRUE,89,"low","american",1,1,0,"Medium","NV",0,1,1,1,1
"925",FALSE,7,"high","breakfast",0,0,0,"Low","NV",0,0,0,0,0
"926",TRUE,245,"low","latin",1,1,0,"Low","NV",0,1,1,1,0
"927",TRUE,86,"low","american",0,1,0,"Medium","NV",0,1,0,1,1
"928",TRUE,82,"low","american",0,1,0,"Medium","NV",0,1,0,1,1
"929",TRUE,40,"low","american",0,1,0,"Medium","NV",0,1,1,1,1
"930",TRUE,34,"high","american",0,0,0,"Low","NV",1,1,0,1,1
"931",TRUE,231,"low","european",0,1,0,"Low","NV",0,1,1,1,0
"932",TRUE,14,"low","american",0,0,0,"NA","NV",0,1,0,1,1
"933",TRUE,431,"low","european",1,1,0,"Medium","NV",0,1,0,1,1
"934",TRUE,91,"low","american",0,1,0,"Medium","NV",1,1,0,1,1
"935",TRUE,154,"low","breakfast",0,1,0,"Low","NV",0,1,0,1,1
"936",TRUE,190,"low","american",0,1,0,"Low","NV",0,1,1,1,1
"937",FALSE,2,"low","american",0,0,0,"NA","NV",0,1,0,1,1
"938",TRUE,135,"low","american",0,0,0,"Medium","NV",0,1,0,1,1
"939",TRUE,477,"high","latin",0,1,0,"Medium","NV",1,1,0,1,1
"940",TRUE,179,"high","american",1,1,0,"Medium","NV",1,0,1,1,0
"941",TRUE,99,"high","asian",0,0,0,"Medium","NV",1,0,1,0,0
"942",TRUE,597,"high","european",1,1,0,"Medium","NV",0,1,1,0,0
"943",TRUE,377,"high","european",1,1,0,"Medium","NV",1,0,1,1,0
"944",TRUE,23,"high","latin",0,1,0,"NA","NV",0,1,1,1,0
"945",TRUE,113,"high","asian",1,1,0,"Medium","NV",1,0,1,1,0
"946",TRUE,198,"high","asian",0,1,0,"Low","NV",1,0,1,1,0
"947",TRUE,10,"high","asian",0,0,0,"NA","NV",1,0,1,1,1
"948",TRUE,270,"high","mideastern",1,1,0,"Low","NV",0,0,1,1,0
"949",TRUE,1022,"high","asian",0,1,0,"Medium","NV",0,0,1,1,1
"950",TRUE,131,"high","european",1,1,0,"Medium","NV",0,1,1,1,0
"951",TRUE,641,"low","asian",1,0,0,"Medium","NV",0,0,1,1,0
"952",TRUE,17,"high","european",1,1,0,"NA","NV",1,0,0,1,0
"953",TRUE,1311,"high","other",1,1,0,"Medium","NV",1,0,1,1,0
"954",TRUE,76,"high","european",1,1,0,"NA","NV",1,0,1,1,0
"955",TRUE,71,"low","asian",1,1,0,"Medium","NV",1,1,0,1,1
"956",TRUE,47,"high","american",1,1,0,"NA","NV",0,1,1,1,0
"957",TRUE,34,"high","other",0,1,0,"Medium","NV",1,0,0,0,0
"958",TRUE,340,"high","american",1,1,0,"Medium","NV",1,1,1,1,0
"959",TRUE,42,"low","american",1,1,0,"Medium","NV",1,1,1,1,0
"960",FALSE,683,"high","breakfast",0,1,0,"Medium","NV",0,1,1,0,0
"961",TRUE,222,"high","american",0,1,0,"Medium","NV",0,1,0,1,1
"962",TRUE,228,"high","desserts",1,1,0,"Medium","NV",1,0,0,1,0
"963",TRUE,46,"low","american",1,1,0,"Low","NV",0,1,1,1,1
"964",TRUE,42,"low","american",1,1,0,"Low","NV",0,1,0,1,1
"965",TRUE,215,"low","european",1,1,0,"Medium","NV",0,1,0,1,1
"966",TRUE,156,"high","american",1,1,0,"Low","NV",0,1,1,1,0
"967",TRUE,100,"low","latin",0,1,0,"Low","NV",0,1,0,0,0
"968",TRUE,72,"low","american",0,0,0,"Low","NV",0,1,0,1,1
"969",TRUE,60,"low","american",1,1,0,"NA","NV",0,1,0,1,1
"970",TRUE,42,"low","latin",1,1,0,"NA","NV",1,1,0,1,1
"971",TRUE,30,"low","latin",0,1,0,"NA","NV",0,1,1,1,1
"972",TRUE,45,"high","asian",0,0,1,"Medium","NV",0,0,1,1,0
"973",TRUE,9,"high","american",0,0,0,"NA","NV",0,0,1,1,0
"974",TRUE,288,"low","american",0,1,0,"Medium","NV",0,1,0,1,1
"975",TRUE,637,"high","asian",0,1,0,"Low","NV",0,0,1,1,0
"976",TRUE,400,"high","american",1,1,0,"Low","NV",0,1,1,1,0
"977",TRUE,17,"high","american",0,0,0,"NA","NV",0,1,0,1,1
"978",TRUE,267,"low","american",1,1,0,"Low","NV",0,1,0,1,1
"979",TRUE,138,"high","european",1,1,1,"Medium","NV",1,1,1,1,1
"980",TRUE,1,"high","asian",1,1,0,"NA","NV",0,1,1,0,0
"981",TRUE,351,"low","american",1,1,0,"Medium","NV",0,1,1,1,0
"982",TRUE,3,"low","european",0,0,0,"NA","NV",0,0,0,1,1
"983",TRUE,81,"low","american",0,1,0,"Medium","NV",0,1,0,1,1
"984",TRUE,36,"low","american",1,1,0,"Low","NV",1,1,1,1,0
"985",TRUE,1,"high","american",0,0,0,"NA","NV",0,1,0,1,1
"986",TRUE,51,"high","asian",1,1,0,"Medium","NV",1,0,1,1,0
"987",FALSE,145,"high","asian",1,1,0,"Medium","NV",0,0,1,1,0
"988",TRUE,746,"high","european",1,1,0,"Medium","NV",0,0,1,1,0
"989",TRUE,31,"high","american",0,0,0,"Low","NV",1,1,1,0,0
"990",TRUE,1,"high","american",1,1,0,"NA","NV",1,0,1,1,0
"991",FALSE,19,"low","latin",1,1,0,"NA","NV",0,1,1,1,1
"992",TRUE,90,"low","american",1,1,0,"Low","NV",0,1,1,1,1
"993",TRUE,17,"high","hawaiian",1,1,0,"NA","NV",0,1,1,0,0
"994",TRUE,2916,"high","american",1,1,0,"Medium","NV",1,0,1,1,0
"995",TRUE,14,"high","desserts",0,0,0,"NA","NV",1,0,0,0,0
"996",TRUE,2515,"high","american",1,1,0,"Medium","NV",0,0,0,1,1
"997",TRUE,209,"high","european",0,0,0,"Medium","NV",1,0,0,1,0
"998",TRUE,584,"low","american",0,1,0,"Medium","NV",0,1,1,1,0
"999",TRUE,1797,"high","american",1,1,0,"Medium","NV",0,0,0,1,1
"1000",FALSE,35,"high","latin",0,0,0,"NA","NV",0,1,0,1,1
"1001",TRUE,1475,"high","latin",0,1,0,"High","NV",0,0,1,0,0
"1002",TRUE,926,"low","other",1,1,0,"Medium","NV",0,0,1,1,1
"1003",TRUE,290,"low","asian",1,1,0,"Medium","NV",0,0,1,1,1
"1004",TRUE,1765,"high","european",1,1,0,"Medium","NV",0,0,1,1,0
"1005",FALSE,59,"low","latin",0,0,0,"NA","NV",0,1,0,1,1
"1006",TRUE,41,"low","american",1,1,0,"Low","NV",1,0,1,1,0
"1007",TRUE,24,"high","american",0,1,0,"NA","NV",0,0,1,1,1
"1008",TRUE,684,"high","american",0,0,0,"High","NV",0,0,0,1,1
"1009",TRUE,535,"high","european",1,1,0,"Medium","NV",0,0,0,1,1
"1010",TRUE,504,"low","american",1,1,0,"Medium","NV",0,0,1,1,1
"1011",TRUE,81,"high","american",0,1,0,"Medium","NV",0,0,1,0,0
"1012",TRUE,50,"high","american",1,1,0,"NA","NV",0,0,0,1,0
"1013",TRUE,29,"low","american",1,1,0,"Medium","NV",1,1,1,1,0
"1014",TRUE,523,"low","european",1,1,0,"Medium","NV",0,0,0,0,0
"1015",TRUE,1297,"low","american",0,1,0,"Medium","NV",0,0,0,0,0
"1016",TRUE,85,"high","desserts",1,1,0,"Medium","NV",0,0,1,1,0
"1017",FALSE,3,"high","breakfast",0,0,0,"NA","NV",0,1,1,0,0
"1018",TRUE,40,"low","asian",1,1,0,"Low","NV",0,0,1,1,0
"1019",TRUE,55,"low","latin",0,1,0,"Low","NV",0,1,0,1,1
"1020",TRUE,90,"high","american",0,0,0,"Medium","NV",0,0,1,1,0
"1021",TRUE,10,"low","american",0,1,0,"NA","NV",0,0,0,0,0
"1022",TRUE,17,"low","american",0,1,0,"Medium","NV",0,1,1,1,1
"1023",TRUE,116,"low","american",1,1,0,"Low","NV",1,1,1,1,0
"1024",TRUE,2,"low","american",0,0,0,"NA","NV",0,0,0,0,0
"1025",TRUE,636,"high","european",0,1,0,"Medium","NV",0,0,1,0,0
"1026",TRUE,2,"high","american",0,0,0,"NA","NV",0,1,0,1,1
"1027",TRUE,88,"low","american",0,0,0,"Medium","NV",0,1,1,0,0
"1028",TRUE,22,"high","desserts",1,0,0,"Low","NV",1,1,1,0,0
"1029",TRUE,72,"low","american",0,0,0,"Medium","NV",1,1,1,1,0
"1030",TRUE,7,"low","american",0,1,0,"NA","NV",0,0,0,0,0
"1031",TRUE,71,"low","american",0,0,0,"Medium","NV",0,1,1,1,0
"1032",TRUE,60,"high","desserts",1,0,0,"Low","NV",0,1,1,1,0
"1033",FALSE,65,"low","american",0,0,0,"Medium","NV",0,0,0,0,0
"1034",FALSE,219,"low","american",0,0,0,"Medium","NV",0,0,0,0,0
"1035",FALSE,76,"low","american",0,0,0,"Medium","NV",0,0,0,0,0
"1036",FALSE,324,"low","asian",0,0,0,"Medium","NV",0,0,0,0,0
"1037",TRUE,585,"low","latin",0,1,0,"Medium","NV",0,1,1,1,0
"1038",TRUE,24,"low","american",0,0,0,"Medium","NV",0,1,0,1,1
"1039",TRUE,82,"low","american",0,0,0,"Low","NV",0,1,1,1,0
"1040",FALSE,302,"low","latin",0,0,0,"Medium","NV",0,0,0,0,0
"1041",FALSE,38,"low","asian",0,0,0,"Medium","NV",0,0,1,1,0
"1042",FALSE,117,"low","latin",0,0,0,"Medium","NV",0,0,0,0,0
"1043",FALSE,210,"low","latin",0,0,0,"Medium","NV",0,0,0,0,0
"1044",TRUE,3,"low","american",0,0,0,"NA","NV",0,1,0,1,1
"1045",TRUE,49,"low","american",0,0,0,"Low","NV",0,1,1,1,1
"1046",TRUE,143,"low","latin",0,1,0,"Medium","NV",0,1,0,1,1
"1047",FALSE,23,"low","european",0,0,0,"Medium","NV",0,0,0,0,0
"1048",FALSE,88,"low","breakfast",0,0,0,"Low","NV",0,1,1,1,0
"1049",FALSE,52,"low","american",0,0,0,"Low","NV",0,1,0,1,1
"1050",TRUE,18,"low","latin",0,0,0,"NA","NV",0,0,0,0,0
"1051",TRUE,70,"low","american",0,1,0,"Low","NV",0,1,1,1,1
"1052",FALSE,83,"low","american",0,0,0,"Medium","NV",0,0,0,0,0
"1053",TRUE,6,"high","latin",0,0,0,"NA","NV",1,0,0,0,0
"1054",FALSE,14,"low","latin",0,0,0,"NA","NV",0,0,0,0,0
"1055",TRUE,111,"low","american",0,0,0,"NA","NV",1,1,1,1,0
"1056",TRUE,87,"low","american",0,0,0,"Low","NV",0,1,0,1,1
"1057",TRUE,2,"high","american",1,1,0,"Low","NV",0,1,1,1,0
"1058",FALSE,60,"low","american",0,0,0,"Medium","NV",0,1,1,0,0
"1059",FALSE,8,"low","american",0,0,0,"Medium","NV",0,0,0,0,0
"1060",FALSE,31,"low","latin",0,1,0,"Low","NV",0,0,0,0,0
"1061",FALSE,38,"low","american",0,0,0,"Medium","NV",0,0,0,0,0
"1062",TRUE,173,"low","american",0,0,0,"Low","NV",0,1,0,1,1
"1063",FALSE,14,"low","american",0,0,0,"Medium","NV",0,0,0,0,0
"1064",FALSE,6,"low","american",0,0,0,"Medium","NV",0,0,0,0,0
"1065",TRUE,23,"low","european",0,0,0,"Medium","NV",0,0,0,0,0
"1066",FALSE,3,"low","american",0,0,0,"Medium","NV",0,0,0,0,0
"1067",TRUE,24,"low","american",0,0,0,"NA","NV",0,0,0,0,0
"1068",TRUE,12,"high","european",0,0,0,"NA","NV",1,0,0,0,0
"1069",TRUE,18,"high","american",0,0,0,"Medium","NV",1,1,0,1,1
"1070",TRUE,85,"high","desserts",1,1,0,"Medium","NV",1,1,1,1,0
"1071",TRUE,1194,"high","asian",1,1,1,"Medium","NV",1,0,0,1,1
"1072",TRUE,1031,"high","asian",1,1,0,"Medium","NV",0,0,1,1,1
"1073",TRUE,365,"high","latin",1,1,0,"Medium","NV",0,1,0,1,1
"1074",TRUE,1490,"high","european",0,1,0,"Medium","NV",0,1,1,0,0
"1075",TRUE,242,"high","breakfast",1,1,0,"Medium","NV",1,1,1,0,0
"1076",TRUE,862,"high","latin",1,1,0,"Medium","NV",0,0,1,1,0
"1077",TRUE,4,"high","asian",0,0,0,"NA","NV",1,1,1,1,0
"1078",TRUE,434,"low","american",1,1,0,"Medium","NV",0,1,1,1,0
"1079",TRUE,12,"low","american",1,1,0,"NA","NV",1,1,1,1,0
"1080",TRUE,297,"low","latin",1,1,0,"Medium","NV",0,0,1,1,1
"1081",FALSE,24,"low","asian",0,0,0,"NA","NV",0,0,0,0,0
"1082",TRUE,239,"low","american",1,1,0,"Medium","NV",0,1,1,1,1
"1083",TRUE,143,"low","asian",0,0,0,"Low","NV",0,1,1,1,0
"1084",TRUE,19,"low","asian",1,1,0,"NA","NV",0,1,1,1,0
"1085",TRUE,297,"low","latin",1,1,0,"Low","NV",0,1,1,1,1
"1086",FALSE,3,"low","asian",0,0,0,"NA","NV",0,1,1,1,0
"1087",FALSE,2,"low","american",0,0,0,"NA","NV",0,0,0,0,0
"1088",TRUE,826,"high","asian",1,1,0,"Medium","NV",0,0,1,1,0
"1089",TRUE,164,"low","american",1,1,0,"NA","NV",0,0,0,1,1
"1090",TRUE,1505,"high","american",1,1,0,"Medium","NV",1,1,1,0,0
"1091",TRUE,1,"high","breakfast",0,1,0,"NA","NV",1,1,1,0,0
"1092",TRUE,84,"high","american",1,1,0,"Medium","NV",1,1,0,1,1
"1093",TRUE,386,"low","american",1,1,0,"Low","NV",0,1,1,1,1
"1094",TRUE,346,"low","european",1,1,0,"Medium","NV",0,0,1,1,0
"1095",TRUE,160,"low","american",1,1,0,"Medium","NV",0,1,1,1,0
"1096",TRUE,129,"low","latin",1,1,0,"Low","NV",0,1,1,1,1
"1097",TRUE,145,"low","american",0,1,0,"Low","NV",0,1,1,1,0
"1098",TRUE,209,"low","american",0,1,0,"Low","NV",1,1,1,0,0
"1099",TRUE,170,"low","american",0,1,0,"Low","NV",0,1,0,1,1
"1100",TRUE,120,"low","asian",1,1,0,"Low","NV",0,1,1,1,1
"1101",TRUE,202,"low","american",1,1,0,"Low","NV",0,1,1,1,1
"1102",TRUE,342,"high","asian",1,1,0,"Medium","NV",0,1,1,1,0
"1103",TRUE,106,"low","american",1,1,0,"Low","NV",0,1,1,1,0
"1104",TRUE,119,"low","latin",0,1,0,"Low","NV",0,1,0,1,1
"1105",TRUE,24,"high","american",0,1,0,"Medium","NV",1,1,0,1,1
"1106",TRUE,1870,"high","american",1,1,0,"Medium","NV",1,1,1,0,0
"1107",TRUE,1140,"high","american",0,1,0,"Medium","NV",0,0,1,1,1
"1108",TRUE,14,"high","asian",0,0,0,"NA","NV",1,0,1,1,1
"1109",TRUE,767,"high","asian",1,1,1,"Medium","NV",1,0,0,1,1
"1110",TRUE,116,"high","american",0,0,0,"Medium","NV",0,0,0,1,1
"1111",TRUE,845,"high","asian",1,1,0,"Medium","NV",0,0,1,1,0
"1112",TRUE,177,"low","asian",0,0,0,"Medium","NV",0,0,0,1,1
"1113",TRUE,76,"high","asian",1,1,0,"High","NV",1,0,1,1,1
"1114",TRUE,63,"high","european",1,1,0,"NA","NV",0,0,1,1,0
"1115",TRUE,28,"high","american",0,1,0,"Medium","NV",0,0,1,1,0
"1116",TRUE,201,"low","asian",1,1,0,"Medium","NV",0,0,1,1,1
"1117",TRUE,145,"high","american",1,1,0,"Medium","NV",1,1,1,1,0
"1118",TRUE,5,"high","american",0,0,0,"NA","NV",1,0,1,1,1
"1119",TRUE,125,"low","american",0,1,0,"Low","NV",0,0,1,1,0
"1120",TRUE,18,"high","american",1,1,0,"Medium","NV",1,0,1,1,1
"1121",TRUE,89,"low","latin",0,1,0,"NA","NV",0,1,1,1,0
"1122",TRUE,37,"low","breakfast",1,1,0,"Low","NV",0,1,1,1,0
"1123",TRUE,113,"low","american",0,1,0,"Low","NV",0,1,1,1,1
"1124",TRUE,1499,"high","american",1,1,0,"Medium","NV",0,0,1,1,1
"1125",TRUE,20,"low","american",1,1,0,"NA","NV",1,1,1,1,1
"1126",TRUE,763,"high","asian",0,1,0,"Medium","NV",1,0,0,1,1
"1127",TRUE,278,"high","american",1,1,0,"Medium","NV",1,0,1,1,1
"1128",TRUE,601,"low","asian",1,1,0,"Medium","NV",0,0,1,1,1
"1129",TRUE,592,"low","american",1,1,0,"Medium","NV",0,0,0,1,1
"1130",TRUE,131,"low","american",1,1,0,"Low","NV",0,1,1,1,0
"1131",TRUE,254,"low","american",1,1,0,"Medium","NV",0,1,1,1,1
"1132",TRUE,176,"low","latin",0,1,0,"Low","NV",0,1,0,1,1
"1133",TRUE,63,"low","american",1,1,0,"Low","NV",0,1,1,1,1
"1134",TRUE,581,"high","asian",1,1,0,"Medium","NV",1,0,1,0,0
"1135",TRUE,809,"high","asian",1,1,0,"Medium","NV",1,0,1,1,1
"1136",TRUE,412,"high","asian",0,1,0,"Medium","NV",0,0,0,1,0
"1137",TRUE,844,"high","asian",1,1,0,"Medium","NV",0,0,1,0,0
"1138",TRUE,631,"high","asian",1,1,0,"Medium","NV",0,0,1,1,1
"1139",TRUE,379,"high","asian",0,0,0,"Medium","NV",0,0,0,1,1
"1140",TRUE,276,"high","american",1,1,0,"Medium","NV",0,1,0,1,1
"1141",TRUE,461,"high","american",1,0,0,"Medium","NV",0,1,1,1,1
"1142",TRUE,164,"high","american",1,1,0,"Medium","NV",0,1,0,1,1
"1143",TRUE,1544,"low","american",1,1,0,"Medium","NV",0,1,1,0,0
"1144",TRUE,374,"low","latin",0,1,0,"Medium","NV",0,1,1,1,1
"1145",TRUE,273,"high","asian",1,1,0,"Medium","NV",0,0,1,1,0
"1146",TRUE,175,"low","asian",1,1,0,"Low","NV",0,1,1,1,0
"1147",TRUE,75,"high","american",1,1,0,"Medium","NV",1,1,1,1,0
"1148",TRUE,34,"high","latin",0,0,0,"NA","NV",1,0,0,1,0
"1149",TRUE,301,"high","asian",1,1,0,"Low","NV",0,1,1,1,0
"1150",TRUE,168,"low","asian",1,1,0,"Medium","NV",0,0,0,1,1
"1151",TRUE,85,"low","latin",0,1,0,"Low","NV",0,1,1,1,1
"1152",TRUE,126,"low","american",1,1,0,"Low","NV",0,1,1,1,1
"1153",TRUE,22,"low","american",0,1,0,"NA","NV",1,1,1,1,0
"1154",TRUE,110,"low","american",1,1,0,"Low","NV",0,1,1,1,0
"1155",TRUE,295,"low","american",0,0,0,"Low","NV",1,1,0,1,1
"1156",TRUE,39,"low","american",1,1,0,"Low","NV",0,1,1,1,1
"1157",TRUE,110,"low","latin",0,1,0,"Low","NV",0,1,0,1,1
"1158",TRUE,305,"low","american",0,0,0,"Low","NV",0,1,1,1,1
"1159",TRUE,185,"low","american",0,1,0,"Low","NV",0,1,0,1,1
"1160",TRUE,361,"low","american",1,1,0,"Low","NV",0,1,0,1,1
"1161",TRUE,117,"low","american",1,1,0,"Low","NV",0,1,0,1,1
"1162",TRUE,520,"high","european",1,1,0,"Medium","NV",0,0,1,1,0
"1163",TRUE,169,"high","other",0,0,0,"Medium","NV",0,1,1,1,0
"1164",TRUE,496,"high","american",0,1,0,"Medium","NV",0,0,1,1,1
"1165",TRUE,1,"high","american",0,0,0,"NA","NV",1,1,0,1,1
"1166",TRUE,399,"high","asian",1,1,0,"Low","NV",0,0,1,1,0
"1167",TRUE,77,"low","american",0,1,0,"Medium","NV",1,1,0,1,1
"1168",TRUE,682,"high","asian",0,1,0,"Medium","NV",0,0,0,0,0
"1169",TRUE,317,"high","asian",0,0,0,"Medium","NV",0,0,1,1,1
"1170",TRUE,35,"low","breakfast",0,0,0,"Medium","NV",0,1,1,0,0
"1171",TRUE,479,"high","european",1,1,0,"Medium","NV",0,0,0,1,1
"1172",TRUE,82,"high","asian",0,0,0,"NA","NV",0,0,1,1,1
"1173",TRUE,30,"low","american",1,1,0,"Medium","NV",0,0,1,1,1
"1174",TRUE,269,"high","asian",1,1,0,"Medium","NV",0,1,1,1,1
"1175",TRUE,155,"high","asian",0,0,0,"Medium","NV",0,0,1,1,1
"1176",TRUE,220,"high","asian",1,1,0,"Medium","NV",1,0,1,0,0
"1177",TRUE,32,"low","asian",1,1,0,"NA","NV",1,0,1,1,0
"1178",TRUE,535,"high","asian",1,0,0,"Medium","NV",0,1,1,1,1
"1179",TRUE,765,"high","american",1,1,0,"Medium","NV",1,0,1,1,1
"1180",TRUE,638,"high","asian",1,1,0,"Medium","NV",1,0,1,1,0
"1181",TRUE,451,"low","american",1,1,0,"Medium","NV",0,0,1,1,0
"1182",TRUE,419,"high","american",0,1,0,"Medium","NV",0,1,0,1,1
"1183",TRUE,64,"low","latin",1,1,0,"Low","NV",0,1,1,1,0
"1184",TRUE,109,"low","asian",1,1,0,"Low","NV",0,0,1,1,1
"1185",TRUE,77,"high","asian",1,1,0,"NA","NV",0,0,0,1,1
"1186",FALSE,14,"high","latin",0,0,0,"NA","NV",0,1,1,1,1
"1187",TRUE,662,"low","american",1,1,0,"Medium","NV",0,0,1,1,0
"1188",FALSE,6,"low","asian",0,0,0,"NA","NV",0,0,0,0,0
"1189",TRUE,2,"low","asian",0,0,0,"NA","NV",1,1,1,1,0
"1190",TRUE,521,"low","american",1,1,0,"Medium","NV",0,1,0,1,1
"1191",TRUE,11,"high","american",0,1,0,"NA","NV",1,1,0,1,1
"1192",TRUE,130,"low","american",1,1,0,"Medium","NV",0,1,1,1,1
"1193",TRUE,147,"low","american",1,1,0,"Medium","NV",0,1,1,1,0
"1194",TRUE,69,"low","american",1,1,0,"Low","NV",1,1,0,1,1
"1195",TRUE,60,"low","american",1,1,0,"NA","NV",0,1,0,1,1
"1196",TRUE,59,"high","american",0,1,0,"Low","NV",1,0,1,1,0
"1197",TRUE,232,"low","american",0,1,0,"NA","NV",0,1,0,1,1
"1198",TRUE,165,"high","asian",0,0,0,"Medium","NV",0,0,1,1,0
"1199",TRUE,1974,"high","asian",1,1,1,"Medium","NV",1,0,1,1,0
"1200",TRUE,374,"high","asian",0,1,0,"Medium","NV",0,0,1,1,0
"1201",FALSE,350,"low","asian",1,1,0,"Low","NV",0,0,1,1,0
"1202",TRUE,111,"low","latin",1,1,0,"Low","NV",1,1,0,1,1
"1203",TRUE,133,"low","american",1,1,0,"Low","NV",0,1,0,1,1
"1204",TRUE,1008,"high","desserts",1,1,0,"Low","NV",1,0,0,1,1
"1205",TRUE,34,"low","american",0,0,0,"NA","NV",1,1,0,1,1
"1206",TRUE,244,"high","american",1,1,0,"Medium","NV",0,1,0,1,1
"1207",TRUE,31,"low","latin",0,1,0,"Low","NV",1,1,0,1,1
"1208",TRUE,129,"low","american",0,1,0,"Medium","NV",0,0,1,1,1
"1209",TRUE,19,"low","american",0,0,0,"NA","NV",1,0,1,1,0
"1210",TRUE,512,"low","american",0,0,0,"Medium","NV",0,0,1,1,1
"1211",FALSE,6,"low","american",0,0,0,"Low","NV",0,0,0,0,0
"1212",TRUE,211,"high","american",0,1,0,"Medium","NV",0,1,0,1,1
"1213",TRUE,202,"low","american",1,1,0,"Medium","NV",0,1,0,1,1
"1214",TRUE,177,"low","latin",1,1,0,"Medium","NV",0,1,1,1,1
"1215",TRUE,171,"low","latin",0,1,0,"Low","NV",0,1,0,1,1
"1216",TRUE,706,"high","asian",1,1,0,"Medium","NV",1,1,1,0,0
"1217",TRUE,172,"high","european",1,1,0,"NA","NV",0,0,0,1,1
"1218",FALSE,36,"low","american",0,1,0,"Medium","NV",0,0,0,0,0
"1219",TRUE,652,"low","american",1,1,0,"Medium","NV",0,0,0,1,1
"1220",TRUE,30,"low","american",0,0,0,"Low","NV",0,1,0,1,1
"1221",TRUE,114,"low","american",1,1,0,"Low","NV",0,1,1,1,0
"1222",TRUE,378,"low","american",1,1,0,"Medium","NV",0,0,1,1,0
"1223",TRUE,364,"low","american",1,1,0,"Medium","NV",0,1,1,1,1
"1224",FALSE,36,"low","latin",0,0,0,"NA","NV",0,0,0,0,0
"1225",FALSE,20,"low","american",1,1,0,"NA","NV",0,1,1,1,0
"1226",TRUE,21,"high","american",0,1,0,"Low","NV",1,1,1,1,0
"1227",FALSE,2,"low","american",0,0,0,"NA","NV",0,0,0,0,0
"1228",TRUE,399,"high","american",0,1,0,"Medium","NV",1,0,1,0,0
"1229",TRUE,85,"low","latin",1,1,0,"Low","NV",0,1,1,1,0
"1230",FALSE,1,"low","american",0,0,0,"NA","NV",0,1,0,1,1
"1231",TRUE,16,"low","american",0,0,0,"Medium","NV",1,1,0,1,1
"1232",TRUE,29,"low","american",0,0,0,"Low","NV",0,1,1,1,0
"1233",TRUE,77,"low","american",0,0,0,"Medium","NV",0,1,0,1,1
"1234",TRUE,198,"low","asian",1,1,0,"Low","NV",1,0,1,1,0
"1235",TRUE,122,"high","asian",1,1,0,"Medium","NV",1,0,1,1,0
"1236",TRUE,615,"high","asian",1,1,0,"Medium","NV",0,0,1,1,1
"1237",TRUE,289,"high","american",1,1,0,"Low","NV",0,0,1,1,0
"1238",TRUE,1160,"high","asian",0,1,0,"Medium","NV",0,0,0,1,1
"1239",TRUE,333,"high","american",1,1,0,"Medium","NV",0,0,1,1,0
"1240",TRUE,255,"high","latin",1,1,0,"Medium","NV",1,1,1,1,0
"1241",TRUE,66,"high","asian",1,1,0,"Medium","NV",1,0,1,0,0
"1242",TRUE,40,"high","asian",1,1,0,"NA","NV",1,1,1,1,0
"1243",TRUE,36,"high","european",1,1,0,"NA","NV",1,1,1,1,0
"1244",TRUE,322,"high","asian",0,1,0,"Medium","NV",0,0,1,1,1
"1245",TRUE,682,"high","asian",1,1,0,"Medium","NV",0,0,1,1,1
"1246",TRUE,521,"high","asian",1,1,0,"Medium","NV",1,0,1,1,1
"1247",TRUE,1048,"high","asian",1,1,0,"High","NV",0,0,1,1,1
"1248",TRUE,1031,"high","european",1,1,0,"Medium","NV",0,1,0,1,1
"1249",TRUE,187,"high","american",1,1,0,"Medium","NV",0,0,0,1,1
"1250",TRUE,526,"high","american",1,1,0,"Medium","NV",0,0,1,1,0
"1251",TRUE,223,"high","european",0,1,0,"Medium","NV",1,1,1,1,0
"1252",TRUE,77,"high","latin",0,0,0,"Medium","NV",0,0,1,1,0
"1253",TRUE,1670,"low","asian",1,1,0,"Medium","NV",0,0,1,1,1
"1254",FALSE,89,"low","latin",1,1,0,"Low","NV",0,1,0,1,1
"1255",TRUE,110,"high","american",0,0,0,"Medium","NV",0,0,1,1,0
"1256",TRUE,8,"high","european",1,1,0,"NA","NV",1,1,1,1,0
"1257",TRUE,414,"high","asian",1,1,0,"Medium","NV",0,1,1,1,0
"1258",TRUE,11,"high","american",1,1,0,"NA","NV",0,0,0,0,0
"1259",TRUE,382,"low","american",1,1,0,"Low","NV",0,1,1,0,0
"1260",TRUE,54,"high","american",1,1,0,"NA","NV",0,0,1,1,0
"1261",FALSE,46,"low","latin",0,1,0,"Low","NV",0,1,0,1,1
"1262",FALSE,1,"low","latin",0,0,0,"NA","NV",0,0,0,0,0
"1263",TRUE,1546,"high","european",1,1,0,"Medium","NV",0,0,1,1,1
"1264",TRUE,30,"high","latin",1,1,0,"NA","NV",0,0,1,1,0
"1265",TRUE,720,"high","american",1,1,0,"Medium","NV",0,1,1,1,1
"1266",TRUE,370,"low","asian",1,1,0,"Medium","NV",0,1,1,1,0
"1267",TRUE,673,"high","american",0,1,0,"Low","NV",0,1,0,1,1
"1268",TRUE,4,"high","asian",0,0,0,"NA","NV",0,0,1,1,0
"1269",TRUE,513,"high","european",1,1,0,"Medium","NV",0,0,1,1,0
"1270",TRUE,121,"low","american",1,1,0,"Low","NV",0,1,1,1,1
"1271",FALSE,146,"low","latin",0,1,0,"Low","NV",0,1,1,1,0
"1272",TRUE,399,"low","latin",1,1,0,"Medium","NV",0,0,1,1,1
"1273",TRUE,119,"low","asian",1,1,0,"Low","NV",0,1,1,1,0
"1274",TRUE,24,"low","latin",1,1,0,"Low","NV",0,1,1,1,0
"1275",TRUE,259,"high","american",0,1,0,"Medium","NV",0,0,1,1,1
"1276",TRUE,109,"low","asian",1,1,0,"Low","NV",0,1,1,1,1
"1277",TRUE,38,"low","latin",0,1,0,"NA","NV",0,0,0,0,0
"1278",FALSE,3,"low","american",0,0,0,"Medium","NV",0,0,0,1,1
"1279",TRUE,23,"low","american",0,1,0,"NA","NV",0,1,1,1,0
"1280",TRUE,118,"low","american",0,1,0,"Low","NV",0,1,0,1,1
"1281",TRUE,206,"low","american",1,1,0,"Low","NV",0,1,0,1,1
"1282",TRUE,4,"low","american",1,1,0,"NA","NV",0,0,1,1,0
"1283",FALSE,14,"low","european",0,0,0,"Medium","NV",0,0,0,0,0
"1284",TRUE,6,"low","european",1,1,0,"Low","NV",0,0,0,0,0
"1285",TRUE,19,"low","american",1,1,0,"Low","NV",0,1,1,1,1
"1286",TRUE,3,"low","american",1,1,0,"NA","NV",0,0,1,1,0
"1287",FALSE,20,"low","american",1,1,0,"Medium","NV",0,0,0,0,0
"1288",TRUE,7,"high","american",0,1,0,"Low","NV",0,0,0,0,0
"1289",TRUE,2,"low","american",0,1,0,"NA","NV",1,0,0,0,0
"1290",TRUE,94,"low","american",0,1,0,"Low","NV",0,1,0,1,1
"1291",TRUE,3,"low","american",1,1,0,"Low","NV",0,1,1,1,0
"1292",FALSE,23,"low","american",0,0,0,"Low","NV",0,1,1,1,1
"1293",TRUE,2,"high","american",0,0,0,"NA","NV",1,0,1,0,0
"1294",TRUE,6,"high","european",0,0,0,"NA","NV",0,0,1,1,0
"1295",TRUE,26,"low","american",0,1,0,"Medium","NV",1,1,1,1,0
"1296",TRUE,2300,"high","hawaiian",1,1,0,"Medium","NV",1,0,1,1,0
"1297",TRUE,278,"high","asian",1,1,0,"Medium","NV",0,0,1,1,1
"1298",TRUE,492,"high","european",0,1,0,"Low","NV",0,0,1,1,1
"1299",TRUE,68,"low","american",1,1,0,"Medium","NV",0,1,0,0,0
"1300",TRUE,4,"high","american",1,1,0,"NA","NV",0,0,1,1,1
"1301",FALSE,30,"high","asian",0,0,0,"Low","NV",0,1,1,1,0
"1302",TRUE,538,"high","asian",1,1,0,"Medium","NV",0,0,1,1,0
"1303",TRUE,62,"high","asian",0,0,0,"Medium","NV",0,0,0,1,1
"1304",TRUE,398,"high","asian",1,1,0,"Medium","NV",0,0,1,1,1
"1305",TRUE,345,"high","european",1,1,0,"Low","NV",0,0,0,1,0
"1306",TRUE,324,"high","asian",0,0,0,"Medium","NV",0,0,1,1,1
"1307",TRUE,122,"high","asian",1,1,0,"Medium","NV",0,1,1,1,0
"1308",TRUE,605,"high","asian",1,1,0,"Medium","NV",0,0,1,1,0
"1309",TRUE,400,"high","asian",1,1,0,"Medium","NV",0,0,1,1,0
"1310",TRUE,71,"low","breakfast",1,1,0,"Medium","NV",1,1,1,0,0
"1311",TRUE,168,"high","asian",1,1,0,"Medium","NV",0,0,1,1,1
"1312",TRUE,45,"high","european",0,0,0,"NA","NV",1,1,1,1,0
"1313",TRUE,650,"high","asian",0,0,0,"Medium","NV",0,0,1,1,1
"1314",FALSE,48,"high","american",0,1,0,"Medium","NV",0,1,1,1,0
"1315",TRUE,343,"high","latin",0,1,0,"Low","NV",0,1,1,0,0
"1316",TRUE,474,"low","european",1,1,0,"Medium","NV",0,0,1,1,0
"1317",TRUE,306,"high","european",1,1,0,"Medium","NV",0,0,1,1,0
"1318",TRUE,475,"high","breakfast",0,1,0,"Medium","NV",0,1,1,1,0
"1319",TRUE,243,"low","american",0,1,0,"Low","NV",0,1,1,1,1
"1320",TRUE,480,"high","desserts",1,1,0,"Low","NV",0,0,1,1,1
"1321",TRUE,422,"high","asian",1,1,0,"Medium","NV",1,0,1,1,1
"1322",TRUE,527,"low","asian",1,1,0,"Medium","NV",0,1,1,1,1
"1323",TRUE,214,"high","latin",0,1,0,"Low","NV",1,1,1,1,1
"1324",FALSE,1,"high","breakfast",0,0,0,"NA","NV",0,0,0,0,0
"1325",FALSE,1,"high","other",0,0,0,"NA","NV",0,0,1,1,0
"1326",TRUE,287,"high","latin",1,1,0,"Low","NV",0,0,1,1,0
"1327",TRUE,108,"high","american",1,1,0,"Medium","NV",1,1,1,0,0
"1328",TRUE,482,"high","asian",0,1,0,"Medium","NV",0,0,1,1,1
"1329",TRUE,446,"high","american",0,1,0,"Low","NV",0,1,0,1,1
"1330",TRUE,382,"low","american",0,1,0,"Medium","NV",1,1,1,0,0
"1331",TRUE,176,"low","latin",1,1,0,"Low","NV",0,1,1,1,1
"1332",TRUE,132,"low","american",0,1,0,"Low","NV",0,1,0,1,1
"1333",TRUE,80,"low","latin",1,1,0,"Low","NV",0,0,0,0,0
"1334",TRUE,379,"high","asian",1,1,0,"Medium","NV",0,0,1,1,1
"1335",TRUE,251,"low","asian",0,1,0,"Medium","NV",0,0,1,1,1
"1336",TRUE,280,"high","asian",1,1,0,"Medium","NV",1,0,1,1,1
"1337",TRUE,3,"high","breakfast",0,0,0,"NA","NV",0,0,0,1,1
"1338",TRUE,397,"high","american",0,0,0,"High","NV",0,0,0,1,0
"1339",TRUE,469,"low","latin",0,1,0,"Medium","NV",0,0,0,1,0
"1340",TRUE,29,"high","asian",0,1,0,"NA","NV",0,0,0,1,0
"1341",TRUE,355,"low","american",0,1,0,"Medium","NV",0,1,0,1,1
"1342",TRUE,246,"low","american",0,1,0,"NA","NV",1,0,1,1,1
"1343",TRUE,56,"low","latin",0,0,0,"Low","NV",0,1,1,1,0
"1344",FALSE,7,"low","asian",0,0,0,"Medium","NV",0,0,0,0,0
"1345",TRUE,133,"low","american",0,1,0,"Medium","NV",0,1,1,1,1
"1346",TRUE,131,"low","american",1,1,0,"Medium","NV",0,1,1,1,0
"1347",TRUE,44,"low","american",1,1,0,"NA","NV",1,1,1,1,0
"1348",TRUE,43,"low","latin",0,1,0,"Low","NV",0,1,0,1,1
"1349",TRUE,26,"low","american",0,0,0,"Low","NV",0,1,1,1,1
"1350",TRUE,98,"high","asian",0,1,0,"Medium","NV",0,0,1,1,0
"1351",TRUE,472,"high","american",1,1,0,"Medium","NV",1,1,0,1,1
"1352",TRUE,17,"low","american",1,1,0,"NA","NV",1,1,1,1,0
"1353",TRUE,205,"low","american",1,1,0,"Low","NV",0,1,1,1,1
"1354",TRUE,223,"high","hawaiian",0,1,0,"Medium","NV",0,0,1,1,0
"1355",TRUE,576,"high","american",0,1,0,"Medium","NV",0,0,1,1,0
"1356",TRUE,314,"high","european",1,1,0,"Medium","NV",0,0,1,1,0
"1357",TRUE,61,"low","american",0,1,0,"NA","NV",0,0,1,1,0
"1358",FALSE,30,"low","latin",0,0,0,"NA","NV",0,1,0,1,1
"1359",TRUE,212,"low","asian",1,1,0,"Low","NV",0,0,1,1,0
"1360",TRUE,64,"low","latin",0,1,0,"Low","NV",0,1,0,1,1
"1361",TRUE,64,"low","american",1,1,0,"Low","NV",1,1,1,1,1
"1362",TRUE,61,"low","american",1,1,0,"Medium","NV",0,1,1,1,1
"1363",FALSE,31,"low","american",0,0,0,"NA","NV",0,1,0,1,1
"1364",FALSE,4,"low","latin",1,1,0,"NA","NV",0,1,0,1,1
"1365",TRUE,84,"low","american",1,1,0,"Low","NV",0,1,1,1,1
"1366",TRUE,189,"high","european",1,1,0,"NA","NV",0,0,1,1,0
"1367",TRUE,42,"low","latin",0,1,0,"Low","NV",0,1,1,1,1
"1368",TRUE,181,"high","american",1,1,1,"Medium","NV",1,0,0,1,1
"1369",TRUE,1158,"high","european",1,1,0,"Medium","NV",0,0,0,1,1
"1370",TRUE,2575,"high","american",1,1,0,"Medium","NV",1,1,1,1,1
"1371",TRUE,605,"high","asian",0,1,0,"Medium","NV",0,0,1,1,0
"1372",TRUE,119,"low","american",0,1,0,"Medium","NV",0,1,0,1,1
"1373",TRUE,289,"low","european",1,1,0,"Medium","NV",0,0,1,1,0
"1374",FALSE,17,"low","american",0,0,0,"Low","NV",0,0,0,0,0
"1375",TRUE,318,"low","american",1,1,0,"Low","NV",0,1,1,1,1
"1376",TRUE,52,"low","latin",0,1,0,"Low","NV",0,1,1,1,1
"1377",TRUE,146,"low","american",1,1,0,"Low","NV",0,1,1,1,1
"1378",TRUE,105,"low","american",1,1,0,"Low","NV",0,1,1,1,1
"1379",TRUE,415,"high","american",1,1,0,"Medium","NV",0,1,1,1,0
"1380",TRUE,687,"high","european",1,1,0,"Medium","NV",0,0,1,1,0
"1381",TRUE,369,"high","latin",1,1,0,"Low","NV",0,1,1,1,0
"1382",TRUE,721,"high","asian",1,1,0,"Medium","NV",0,0,0,1,1
"1383",TRUE,80,"low","american",1,1,0,"Medium","NV",0,1,1,1,0
"1384",TRUE,67,"high","american",0,1,0,"Low","NV",1,0,1,1,0
"1385",TRUE,98,"low","american",1,1,0,"Low","NV",1,1,0,1,1
"1386",TRUE,73,"high","asian",1,1,0,"Medium","NV",0,0,1,0,0
"1387",TRUE,1,"high","american",0,0,0,"NA","NV",1,0,1,1,0
"1388",TRUE,5,"low","asian",0,0,0,"NA","NV",1,1,1,1,1
"1389",TRUE,400,"high","american",0,1,0,"Low","NV",1,1,1,1,0
"1390",TRUE,218,"high","asian",1,1,0,"Medium","NV",0,1,1,1,1
"1391",TRUE,307,"high","desserts",1,1,0,"Low","NV",1,1,1,1,1
"1392",TRUE,4,"high","american",1,1,0,"NA","NV",1,1,1,1,0
"1393",TRUE,556,"low","latin",0,1,0,"Medium","NV",0,1,1,1,1
"1394",FALSE,2,"high","american",0,0,0,"NA","NV",0,0,0,0,0
"1395",TRUE,159,"low","asian",1,1,0,"Medium","NV",0,1,1,1,1
"1396",TRUE,142,"low","american",0,0,0,"Low","NV",0,1,0,1,1
"1397",FALSE,49,"low","latin",1,1,0,"NA","NV",0,1,0,1,1
"1398",TRUE,32,"low","american",0,1,0,"NA","NV",0,1,0,1,1
"1399",TRUE,455,"high","asian",1,1,0,"Medium","NV",0,0,1,1,0
"1400",TRUE,534,"low","american",1,1,0,"Medium","NV",0,0,1,1,0
"1401",TRUE,93,"low","latin",0,1,0,"Low","NV",0,1,1,1,0
"1402",TRUE,388,"low","american",1,1,0,"Low","NV",0,1,0,1,1
"1403",TRUE,48,"low","american",1,1,0,"Low","NV",0,1,0,1,1
"1404",TRUE,1369,"low","american",1,1,0,"Medium","NV",0,1,1,1,1
"1405",FALSE,186,"high","european",0,1,0,"Medium","NV",0,0,0,0,0
"1406",TRUE,284,"high","american",0,1,0,"Medium","NV",0,1,0,1,1
"1407",TRUE,4,"high","european",0,0,0,"NA","NV",1,1,0,1,1
"1408",FALSE,2,"low","american",0,0,0,"NA","NV",0,0,0,1,1
"1409",TRUE,119,"high","latin",0,0,0,"Low","NV",1,0,1,1,0
"1410",TRUE,147,"high","desserts",0,0,0,"Medium","NV",0,1,1,1,0
"1411",TRUE,342,"high","asian",1,1,0,"Medium","NV",1,1,1,1,0
"1412",FALSE,232,"low","european",1,1,0,"Medium","NV",0,0,0,1,0
"1413",TRUE,103,"low","asian",1,1,0,"NA","NV",0,1,1,1,0
"1414",TRUE,32,"high","latin",0,0,0,"Medium","NV",1,0,1,1,0
"1415",TRUE,146,"low","american",1,1,0,"Medium","NV",1,1,1,1,0
"1416",TRUE,53,"low","american",1,1,0,"Medium","NV",1,1,1,1,0
"1417",TRUE,1,"high","american",1,1,0,"NA","NV",0,1,0,1,1
"1418",TRUE,20,"high","american",0,0,0,"NA","NV",0,1,0,1,1
"1419",TRUE,67,"high","american",1,1,0,"NA","NV",0,1,0,1,1
"1420",TRUE,97,"low","american",0,0,0,"Medium","NV",0,1,0,1,1
"1421",FALSE,172,"low","american",0,0,0,"NA","NV",0,1,1,1,1
"1422",TRUE,29,"low","american",0,1,0,"NA","NV",0,1,1,1,1
"1423",FALSE,10,"high","american",0,1,0,"NA","NV",0,0,0,0,0
"1424",TRUE,190,"high","latin",0,1,0,"Low","NV",1,1,0,1,1
"1425",TRUE,53,"low","american",0,1,0,"Low","NV",1,1,0,1,1
"1426",TRUE,78,"low","american",0,1,0,"Medium","NV",1,1,0,1,1
"1427",TRUE,500,"low","american",0,1,0,"Medium","NV",0,1,0,1,1
"1428",TRUE,210,"low","asian",1,1,0,"Low","NV",0,0,1,1,0
"1429",TRUE,230,"high","asian",0,1,0,"Medium","NV",0,0,1,1,1
"1430",FALSE,102,"low","latin",0,1,0,"Low","NV",0,1,0,1,1
"1431",TRUE,158,"low","american",0,1,0,"Low","NV",0,1,1,1,1
"1432",TRUE,31,"low","american",1,1,0,"NA","NV",0,1,0,1,1
"1433",TRUE,133,"low","american",1,1,0,"Low","NV",0,0,1,1,1
"1434",TRUE,132,"high","european",0,0,0,"Medium","NV",1,0,1,1,0
"1435",TRUE,359,"high","latin",1,1,0,"Medium","NV",0,0,1,1,0
"1436",TRUE,502,"high","european",1,1,0,"Medium","NV",0,0,0,1,0
"1437",TRUE,162,"high","european",1,1,0,"NA","NV",0,0,1,1,0
"1438",TRUE,89,"high","european",1,1,0,"Medium","NV",1,0,1,1,0
"1439",TRUE,222,"high","latin",1,1,0,"Medium","NV",1,1,1,1,0
"1440",TRUE,268,"high","latin",0,0,0,"Medium","NV",0,0,0,1,0
"1441",TRUE,660,"high","asian",0,1,0,"Medium","NV",0,1,1,0,0
"1442",TRUE,378,"high","asian",1,1,0,"Medium","NV",0,0,1,1,1
"1443",TRUE,203,"low","american",0,1,0,"Medium","NV",0,1,0,1,1
"1444",TRUE,52,"high","american",1,1,0,"Low","NV",0,1,1,1,0
"1445",TRUE,295,"low","asian",1,1,0,"Medium","NV",0,0,1,1,0
"1446",TRUE,84,"low","american",0,0,0,"NA","NV",0,1,0,1,1
"1447",TRUE,179,"low","american",1,1,0,"Medium","NV",0,1,1,1,0
"1448",TRUE,10,"high","american",1,1,0,"NA","NV",0,1,1,1,0
"1449",TRUE,83,"low","latin",0,1,0,"Low","NV",0,1,0,1,1
"1450",TRUE,46,"low","american",1,1,0,"NA","NV",1,0,1,1,0
"1451",FALSE,102,"low","latin",1,1,0,"NA","NV",0,1,1,1,1
"1452",FALSE,28,"low","american",0,0,0,"Low","NV",0,1,0,1,1
"1453",TRUE,118,"low","american",1,1,0,"Low","NV",0,1,1,1,1
"1454",TRUE,64,"low","american",0,0,0,"Low","NV",0,1,1,1,0
"1455",TRUE,106,"low","american",0,1,0,"Low","NV",0,1,0,1,1
"1456",TRUE,74,"low","american",1,1,0,"Low","NV",0,1,0,1,1
"1457",TRUE,183,"high","asian",1,1,0,"Medium","NV",0,0,1,1,0
"1458",TRUE,72,"high","asian",0,0,0,"Low","NV",1,0,1,1,0
"1459",TRUE,94,"high","asian",1,1,0,"NA","NV",0,0,1,1,0
"1460",TRUE,182,"low","european",1,1,0,"Medium","NV",0,0,0,1,1
"1461",TRUE,14,"low","american",1,1,0,"Low","NV",0,1,1,1,1
"1462",TRUE,56,"high","asian",1,1,0,"Medium","NV",1,0,0,0,0
"1463",FALSE,1,"high","latin",0,0,0,"NA","NV",0,0,0,0,0
"1464",TRUE,3,"high","american",1,0,0,"NA","NV",0,0,1,0,0
"1465",TRUE,104,"low","american",0,1,0,"Low","NV",0,1,0,1,1
"1466",TRUE,2,"high","american",0,0,0,"NA","NV",1,0,0,0,0
"1467",TRUE,30,"low","american",1,1,0,"Low","NV",0,1,1,1,1
"1468",TRUE,86,"low","other",0,1,0,"Medium","NV",0,1,0,1,1
"1469",TRUE,707,"high","asian",1,1,1,"Medium","NV",0,0,1,1,1
"1470",TRUE,601,"low","other",0,0,0,"Medium","NV",0,1,1,1,0
"1471",TRUE,399,"high","american",0,1,0,"Medium","NV",0,0,0,1,1
"1472",TRUE,233,"high","american",0,1,0,"Very High","NV",0,0,0,1,0
"1473",TRUE,996,"low","american",0,1,0,"Low","NV",0,0,0,1,1
"1474",TRUE,352,"low","other",0,1,0,"Medium","NV",0,0,0,1,1
"1475",TRUE,676,"low","breakfast",0,1,0,"Medium","NV",0,1,0,1,1
"1476",TRUE,294,"high","american",0,1,0,"High","NV",0,0,0,1,1
"1477",FALSE,34,"high","american",0,0,0,"Low","NV",0,0,1,0,0
"1478",TRUE,309,"low","latin",0,1,0,"Medium","NV",0,0,1,1,1
"1479",TRUE,262,"low","european",0,1,0,"Medium","NV",0,0,0,1,1
"1480",FALSE,220,"low","american",0,1,0,"Medium","NV",0,1,1,1,1
"1481",TRUE,4,"high","latin",0,0,0,"NA","NV",1,0,0,0,0
"1482",TRUE,337,"high","american",0,0,0,"NA","NV",1,0,1,1,1
"1483",TRUE,615,"high","european",1,1,0,"Medium","NV",0,0,1,1,0
"1484",TRUE,124,"high","asian",0,1,1,"NA","NV",1,0,0,1,1
"1485",TRUE,178,"low","asian",1,1,0,"Medium","NV",0,0,1,1,1
"1486",TRUE,262,"high","european",1,1,0,"Medium","NV",1,1,1,1,1
"1487",FALSE,11,"high","american",1,1,0,"NA","NV",0,0,0,1,0
"1488",TRUE,254,"low","american",1,1,0,"Low","NV",0,1,1,1,0
"1489",TRUE,92,"low","latin",1,1,0,"Low","NV",0,1,0,1,1
"1490",TRUE,266,"low","american",1,1,0,"Medium","NV",0,1,0,1,1
"1491",TRUE,178,"low","american",0,1,0,"Low","NV",0,1,0,0,0
"1492",FALSE,26,"high","asian",1,1,0,"NA","NV",0,1,1,1,0
"1493",TRUE,157,"high","american",1,1,0,"Medium","NV",0,0,0,1,1
"1494",TRUE,1020,"high","asian",0,1,0,"High","NV",0,0,0,1,1
"1495",FALSE,58,"high","latin",1,1,0,"Low","NV",0,1,1,1,1
"1496",TRUE,120,"high","american",1,1,0,"Low","NV",0,0,1,1,1
"1497",TRUE,25,"high","desserts",1,1,0,"Low","NV",1,1,1,1,0
"1498",TRUE,168,"low","american",1,1,0,"Low","NV",0,0,1,1,1
"1499",TRUE,140,"low","european",1,1,0,"Medium","NV",1,0,1,1,1
"1500",TRUE,128,"low","latin",0,1,0,"Low","NV",0,1,0,1,1
"1501",TRUE,24,"low","american",1,1,0,"Low","NV",1,1,1,1,0
"1502",TRUE,90,"low","american",0,0,0,"Low","NV",0,0,1,1,0
"1503",TRUE,25,"low","american",1,1,0,"NA","NV",0,1,0,1,1
"1504",FALSE,10,"low","latin",1,1,0,"NA","NV",0,1,0,1,1
"1505",TRUE,195,"high","european",1,1,0,"Medium","NV",1,0,0,1,1
"1506",TRUE,1217,"high","asian",1,1,0,"Medium","NV",0,0,1,1,1
"1507",TRUE,2038,"high","american",1,1,0,"Medium","NV",1,0,1,1,1
"1508",TRUE,125,"high","hawaiian",1,1,0,"Medium","NV",0,0,1,1,0
"1509",TRUE,38,"high","american",1,1,0,"Low","NV",0,0,1,1,0
"1510",TRUE,19,"high","american",1,0,0,"NA","NV",1,0,1,1,0
"1511",TRUE,49,"low","asian",1,1,0,"Low","NV",0,1,1,1,0
"1512",TRUE,164,"low","asian",1,1,0,"Low","NV",0,0,1,1,1
"1513",TRUE,44,"high","asian",0,1,0,"Low","NV",0,1,1,1,0
"1514",TRUE,90,"low","american",0,1,0,"Medium","NV",0,1,0,1,1
"1515",TRUE,124,"low","latin",0,1,0,"Low","NV",0,1,1,1,1
"1516",TRUE,121,"low","asian",0,0,0,"Medium","NV",0,1,1,1,0
"1517",TRUE,107,"low","latin",0,1,0,"Low","NV",0,1,0,1,1
"1518",TRUE,4,"high","european",1,1,0,"NA","NV",0,1,1,1,0
"1519",TRUE,471,"high","european",1,1,0,"Medium","NV",0,1,0,1,1
"1520",TRUE,25,"low","american",1,1,0,"Medium","NV",0,1,1,1,0
"1521",TRUE,202,"low","american",1,1,0,"Low","NV",0,0,1,1,1
"1522",TRUE,1,"low","american",1,1,0,"NA","NV",0,0,1,1,1
"1523",FALSE,25,"low","latin",1,1,0,"Low","NV",0,1,0,1,1
"1524",TRUE,36,"high","desserts",1,1,0,"NA","NV",1,1,1,1,0
"1525",TRUE,2880,"high","american",1,1,0,"Medium","NV",0,1,1,1,0
"1526",TRUE,1031,"high","latin",1,1,0,"Medium","NV",0,0,0,1,1
"1527",TRUE,76,"high","asian",1,1,1,"Medium","NV",0,1,1,1,0
"1528",TRUE,56,"low","breakfast",1,1,0,"NA","NV",1,1,1,0,0
"1529",TRUE,178,"low","asian",1,1,0,"Medium","NV",0,1,0,1,1
"1530",TRUE,306,"high","asian",1,1,0,"Medium","NV",0,0,1,1,1
"1531",TRUE,189,"low","asian",1,1,0,"Low","NV",0,0,0,0,0
"1532",TRUE,181,"low","american",1,1,0,"Very High","NV",0,1,0,1,1
"1533",TRUE,358,"high","desserts",1,1,0,"Low","NV",0,0,1,1,1
"1534",TRUE,71,"low","latin",0,1,0,"Low","NV",0,1,0,0,0
"1535",TRUE,44,"low","european",1,1,0,"NA","NV",0,1,1,1,1
"1536",TRUE,97,"low","american",1,1,0,"Low","NV",1,1,1,1,1
"1537",FALSE,179,"low","latin",0,1,0,"Low","NV",0,1,0,1,1
"1538",FALSE,152,"low","latin",1,1,0,"Low","NV",0,0,0,0,0
"1539",TRUE,213,"low","american",0,1,0,"Low","NV",0,1,0,1,1
"1540",TRUE,45,"low","american",1,1,0,"Low","NV",0,0,1,1,1
"1541",TRUE,101,"low","latin",1,1,0,"Low","NV",0,1,0,1,1
"1542",TRUE,73,"low","american",1,1,0,"Low","NV",0,1,1,1,1
"1543",TRUE,43,"low","latin",0,1,0,"NA","NV",0,1,1,1,1
"1544",TRUE,89,"low","american",1,1,0,"Low","NV",0,1,0,1,1
"1545",TRUE,343,"low","american",1,1,0,"Low","NV",0,1,1,1,0
"1546",TRUE,2,"high","american",0,0,0,"NA","NV",0,1,0,1,1
"1547",TRUE,48,"low","american",0,1,0,"NA","NV",1,1,0,1,1
"1548",FALSE,201,"low","latin",0,1,0,"Low","NV",0,1,0,1,1
"1549",TRUE,42,"low","american",0,0,0,"NA","NV",1,1,0,1,1
"1550",TRUE,1091,"high","european",1,1,0,"Medium","NV",0,0,1,1,0
"1551",TRUE,943,"high","european",1,1,0,"Medium","NV",0,0,0,1,0
"1552",TRUE,2047,"high","american",1,1,0,"Medium","NV",0,1,1,0,0
"1553",TRUE,135,"high","european",0,1,0,"Medium","NV",0,0,1,1,0
"1554",TRUE,122,"high","european",0,0,0,"Medium","NV",0,1,1,0,0
"1555",TRUE,97,"high","asian",1,1,0,"Medium","NV",1,0,1,1,0
"1556",TRUE,42,"low","american",0,0,0,"NA","NV",0,0,1,1,0
"1557",TRUE,9,"high","american",0,0,0,"NA","NV",1,1,0,1,1
"1558",FALSE,73,"low","latin",1,1,0,"Medium","NV",0,1,1,1,1
"1559",TRUE,208,"high","american",0,0,0,"Medium","NV",0,1,0,1,1
"1560",TRUE,186,"low","american",0,1,0,"Low","NV",0,1,0,1,1
"1561",FALSE,18,"high","latin",0,0,0,"Low","NV",0,1,1,0,0
"1562",TRUE,78,"low","latin",0,1,0,"Low","NV",0,1,1,1,1
"1563",TRUE,159,"high","american",1,1,0,"Medium","NV",0,0,1,1,0
"1564",TRUE,29,"low","breakfast",0,0,0,"Medium","NV",0,1,1,0,0
"1565",TRUE,247,"low","american",0,0,0,"Medium","NV",0,0,0,0,0
"1566",TRUE,433,"high","american",0,1,0,"High","NV",0,0,0,1,1
"1567",TRUE,168,"low","european",0,1,0,"Medium","NV",0,0,0,1,1
"1568",TRUE,224,"low","american",0,1,0,"Medium","NV",0,0,1,1,1
"1569",TRUE,156,"low","european",0,0,0,"Medium","NV",0,0,0,1,1
