,id,is_claimed,is_closed,review_count,rating,Restaurant Category 1,Restaurant Category 2,Restaurant Category 3,Pickup Available,Delivery Available,Reservation Available,Price Level,number of photos,City,State,Zip Code,Opening Time,Closing Time,Has Messaging
0,MhcT-tW4T6MF-533Art0GA,True,False,5,4.5,foodtrucks,indpak,,1,1,0,,3,Willis,TX,77318,,,1
1,GFohSClyVxTdwAKUDnWv9g,True,False,41,4.5,foodtrucks,tacos,,1,1,0,,3,Willis ,TX,77318,1200.0,2000.0,0
2,_h75tz-z3kSKl0bY9osdJw,True,False,1,5.0,foodtrucks,mexican,,0,0,0,,3,Willis,TX,77318,1700.0,2100.0,1
3,4DFZ_-LJ32v7_QmOfrn-jg,True,False,99,3.0,sportsbars,tradamerican,,1,1,0,Medium,3,Willis,TX,77318,1600.0,2300.0,0
4,sX74jgDzP8zDSx52AjNyYA,True,False,1,1.0,tacos,tex-mex,,0,1,0,,3,Willis,TX,77378,500.0,1600.0,0
5,_PwbWvW7yXEv0X316HeP4A,True,False,1,1.0,sandwiches,wraps,delis,0,0,0,,1,Willis,TX,77318,1100.0,1900.0,1
6,qT1M_-5XO9_dwqHAIcboYg,True,False,5,4.5,italian,chicken_wings,pizza,1,1,0,,2,Willis,TX,77318,,,0
7,QBfBnBs-5H6ii3C0og8Q1w,True,False,47,2.5,mexican,tex-mex,,1,1,0,Medium,3,Willis,TX,77318,1100.0,2100.0,1
8,XmtdhaUHA06UdOBlLwO9NA,True,False,40,2.0,delis,sandwiches,catering,1,1,0,Low,3,Willis,TX,77318,1000.0,2030.0,0
9,B5iewRaebSU3RaQrIUEBtw,True,False,9,2.0,pizza,chicken_wings,hotdogs,1,1,0,Low,3,West Willis,TX,77318,1000.0,2200.0,0
10,77KRuwwgvmKapQTl7MhpFg,True,False,8,2.5,hotdogs,burgers,,0,1,0,Low,3,Willis,TX,77318,600.0,0.0,0
11,sH4mvvj_zTVjsrl_H6whnQ,True,False,15,2.5,pizza,chicken_wings,hotdogs,0,1,0,Low,3,Willis,TX,77318,1100.0,2300.0,0
12,6FvK50j3NRh1Xs309E0LFA,True,False,18,2.0,hotdogs,icecream,burgers,1,1,0,Low,3,Willis,TX,77318,1030.0,2200.0,0
13,dKIQVg71CQM8_kput7ALsw,True,False,16,5.0,salvadoran,cocktailbars,,0,0,0,Medium,3,Willis,TX,77378,1030.0,2030.0,0
14,LIs44KSb46I1rklKBbxNiA,True,False,27,4.5,teppanyaki,steak,sushi,0,0,0,,3,Willis,TX,77318,1100.0,2130.0,1
15,z_yL6R10R-VhD9IyjnZxTg,True,False,1,5.0,pizza,,,1,1,0,,3,Willis,TX,77378,1030.0,2200.0,1
16,GLLeQp2h7c0bR1U6asCGQg,True,False,50,3.0,hotdogs,chickenshop,salad,0,1,0,Low,3,Willis,TX,77318,600.0,2200.0,0
17,VMxLZhdplys-yAv4qnqSXg,True,False,20,2.5,chinese,hotdogs,,1,1,0,,3,Willis,TX,77318,1030.0,2130.0,0
18,Q0jpa9W4Nged4Wxb5AoT0w,True,False,12,2.0,hotdogs,burgers,icecream,1,1,0,Low,3,Willis,TX,77378,600.0,2200.0,0
19,_PCaWcx9s36drT_FG9mTnw,True,False,34,2.5,chicken_wings,,,0,0,0,Low,3,Willis,TX,77378,1030.0,2300.0,1
20,xFi4qo1nKRVCWjF230EfZA,True,False,32,1.5,mexican,hotdogs,,0,1,0,Low,3,Willis,TX,77378,900.0,100.0,0
21,AQaaF9_qZkxfuz0x-ReAnA,True,False,18,1.5,hotdogs,chicken_wings,,1,1,0,,3,Willis,TX,77318,1030.0,2200.0,0
22,hnii-4NJuTIO37MtGKLM-Q,True,False,16,2.0,burgers,hotdogs,tacos,0,1,0,Low,3,Willis,TX,77378,0.0,0.0,0
23,gwXO1lWRmPmJ6dasYYEXXg,True,False,26,2.0,burgers,hotdogs,coffee,0,1,0,Low,3,Willis,TX,77378,0.0,0.0,0
24,0elPSMmnDNn02ig5xiN7eQ,True,False,33,3.0,burgers,hotdogs,,0,1,0,Low,3,Willis,TX,77318,0.0,0.0,0
25,_7BHw88w2wdAcl0cC-d8Mw,True,False,16,1.5,pizza,hotdogs,,0,0,0,Low,3,Willis,TX,77318,1030.0,2200.0,0
26,ObWRZp6flcT0nkKg-RvO4g,True,False,52,3.5,cajun,seafood,,1,1,0,Medium,3,Willis,TX,77378,1100.0,2000.0,1
27,jneVK2Rz7ZdAhP69qBwb0g,True,False,127,4.0,burgers,breakfast_brunch,sandwiches,0,1,0,Low,3,Willis,TX,77378,800.0,1800.0,0
28,u1KTDpo9W3SHWYcIr3iELQ,True,False,208,4.0,pizza,tradamerican,,0,1,0,Medium,3,Willis,TX,77378,1100.0,2100.0,0
29,kqTDjIi-9Sz4rH-R1W2DKQ,False,False,71,3.5,mexican,,,0,1,0,Medium,3,Willis,TX,77378,1100.0,2200.0,0
30,hrjEKoim3eLg3dq7AgsLEQ,True,False,3,4.5,mexican,juicebars,,0,1,0,,3,Willis,TX,77378,900.0,2100.0,0
31,551f58hlSxXDaGyIlZjv4w,False,False,25,4.5,mexican,,,0,1,0,,3,Willis,TX,77378,,,0
32,Z6_w66gP2Xdqw-4XD9ZPsw,False,False,4,5.0,tacos,breakfast_brunch,,0,0,0,,2,Willis,TX,77378,,,0
33,LhYqffJRgr0LA5Z9Vjx19Q,True,False,5,4.0,chickenshop,southern,hotdogs,0,1,0,,3,Willis,TX,77378,1030.0,2130.0,0
34,Sc_1dv4mQzEW4d7xnlvygQ,False,False,1,4.0,mexican,,,0,0,0,,3,Willis,TX,77378,,,0
35,xck6_4DhXo3jmCjBv2CNxA,False,False,1,4.0,mexican,icecream,,0,0,0,,3,Willis,TX,77378,,,0
36,TLGR8E1OgUDVn-r6Syfyzw,True,False,14,2.0,sandwiches,,,1,1,0,Low,3,Willis,TX,77378,800.0,2200.0,0
37,kf2x1Aq26I72rVblNPjQIw,True,False,1,1.0,tacos,tex-mex,,0,1,0,,3,Willis,TX,77378,500.0,1800.0,0
38,KSZRpQs9rWYwQjpDfZc3Kw,True,False,1,5.0,bakeries,tacos,,0,0,0,,1,Willis,TX,77378,,,1
39,jfkEi7O9VhI7DjemNIZktw,True,False,1,1.0,bbq,foodtrucks,sandwiches,0,0,0,,1,Willis,TX,77378,1030.0,2000.0,0
40,dsNVrhZAb-hxJipJrZMrrg,False,False,15,3.0,tradamerican,mexican,chicken_wings,0,0,0,,3,Montgomery,TX,77356,1100.0,2200.0,0
41,8FKPl6ubv0kDwhunrccj_w,True,False,29,4.5,newamerican,burgers,,1,1,0,Medium,3,Willis,TX,77378,600.0,1800.0,1
42,WYsQhJhXJeRyJs6ewg2B5A,True,False,61,4.5,bbq,catering,,0,0,0,Medium,3,Willis,TX,77318,1100.0,1800.0,0
43,ToYc-tLYppJan7JDNcMliQ,True,False,62,4.0,newamerican,venues,,0,0,0,Medium,3,Montgomery,TX,77356,1600.0,2100.0,0
44,ZWZDAeqch_knzlve4B2EPQ,True,False,52,3.5,bars,tradamerican,seafood,1,1,0,Medium,3,Willis,TX,77318,1100.0,2200.0,0
45,rlpvOWob42aU3p9CP_a5VA,True,False,72,2.5,tikibars,seafood,,0,0,0,Medium,3,Montgomery,TX,77356,1100.0,2300.0,0
46,b9CDqfxTWZ8_SLb3RaCC1A,True,False,19,3.0,tradamerican,seafood,cocktailbars,0,0,0,,3,Montgomery,TX,77356,800.0,1100.0,1
47,2PFcofEaz_eQxsQVkAkqYQ,False,False,3,1.0,cafes,,,0,0,0,,0,Montgomery,TX,77356,,,0
48,9CChIbZMgYWQ1hqP32lFgg,True,False,61,4.5,pizza,salad,italian,1,1,0,Medium,3,Montgomery,TX,77356,1600.0,2100.0,0
49,j85gB_NXe7g6VV8VYmwQFQ,True,False,34,4.0,bars,newamerican,,0,0,0,Medium,3,Montgomery,TX,77356,1130.0,2200.0,0
50,VSt93fVWMV6ljhknvumbEg,True,False,2,1.0,sandwiches,,,1,1,0,Low,3,Conroe,TX,77303,800.0,2200.0,0
51,JyTa2aqEwNQ2lEDCeFhcDQ,True,False,88,4.0,newamerican,gluten_free,cafes,0,1,0,,3,Montgomery,TX,77356,1100.0,2000.0,1
52,0ogsuf22mQfuTR4QCpcBew,True,False,170,4.0,diners,tradamerican,breakfast_brunch,1,1,0,Low,3,Montgomery,TX,77356,700.0,2100.0,0
53,LtB8fV-0MUa7LuAfkYei4w,False,False,24,3.5,mexican,,,0,0,0,,3,Montgomery,TX,77356,1100.0,2130.0,0
54,0GQMtc6FoLTX1p6b9VDizg,False,False,98,3.5,mexican,,,0,0,0,Medium,3,Montgomery,TX,77356,1100.0,2130.0,0
55,GMo_Fp8hAAdpMog-rj_grg,True,False,17,2.0,pizza,chicken_wings,hotdogs,0,0,0,Low,3,Montgomery,TX,77356,1100.0,2300.0,0
56,YTlHQTbuYvhW02Joig1N_Q,False,False,2,1.0,tex-mex,mexican,,0,0,0,,0,Montgomery,TX,77356,,,0
57,Cac6DNKmt0NFTLcOZUu2EA,False,False,1,1.0,mexican,,,0,0,0,,0,Montgomery,TX,77356,,,0
58,QG2dD5Skni99haz4PGUY9g,True,False,1,5.0,tacos,burgers,,0,0,0,,3,Montgomery,TX,77356,,,1
59,hGv86G3JxrYkomgtGD8hEw,True,False,4,4.0,italian,pizza,,0,0,0,,0,Montgomery,TX,77356,800.0,2000.0,1
60,wtQfijj8-6XBBa022uIZaQ,True,False,71,3.0,bbq,burgers,tradamerican,1,1,0,Medium,3,Montgomery,TX,77356,1000.0,2100.0,0
61,oXjE1Dvwx1cwqErrVn8mvA,True,False,7,3.5,bars,tradamerican,,0,0,0,,0,Montgomery,TX,77356,1100.0,1800.0,0
62,YGN5rNxaFMPN7T7qokDCdQ,True,False,60,2.0,burgers,hotdogs,,0,1,0,Low,3,Montgomery,TX,77356,0.0,0.0,0
63,oEH9UFUXsepqYuCdkkGOCg,True,False,13,2.5,pizza,chicken_wings,sandwiches,0,0,0,Low,3,Montgomery,TX,77356,1000.0,0.0,0
64,HpB9ypbeycu5qArHsSfTsg,False,False,183,4.5,burgers,diners,hotdogs,1,1,0,Medium,3,Montgomery,TX,77356,1100.0,2100.0,0
65,rI3BKXq4ZcXFnMYROIO-3g,True,False,14,2.0,sandwiches,,,1,1,0,Low,3,Montgomery,TX,77356,800.0,2300.0,0
66,GWAX6Q5jsY4KfHErydjYNQ,True,False,31,2.0,pizza,chicken_wings,hotdogs,1,1,0,Low,3,Montgomery,TX,77356,930.0,2300.0,0
67,irl9gY9GucxLf-dxAjVkzw,True,False,284,4.5,italian,pizza,,0,0,0,Medium,3,Montgomery,TX,77356,1100.0,2100.0,0
68,mMCU2WTNR6Vjc5vEmzTzjw,True,False,95,4.0,vietnamese,,,0,0,0,Low,3,Montgomery,TX,77356,1100.0,2100.0,0
69,N1_XmN332AexAsPWPFXwKw,True,False,55,3.5,steak,italian,seafood,0,1,0,Medium,3,Conroe,TX,77304,1630.0,2100.0,0
70,WBvmlMmJ7zH6KF7wOzpBRQ,False,False,3,4.5,tradamerican,burgers,,0,0,0,,1,Panorama Village,TX,77304,1100.0,1900.0,0
71,xPRcNpf9gGlVl6DgrrydUw,True,False,6,5.0,creperies,desserts,pizza,1,1,0,,3,Conroe,TX,77304,600.0,1800.0,1
72,mm2vcSyVMm3OGYnV98K6Ng,True,False,165,3.0,tradamerican,breakfast_brunch,southern,1,1,0,Medium,3,Conroe,TX,77304,700.0,2200.0,0
73,v_-5HHMW3IuTmFSFyW_1pw,True,False,10,2.0,hotdogs,burgers,tacos,0,1,0,Low,3,Conroe,TX,77304,500.0,100.0,0
74,vY8ohvzP5tT4DyPbgw2tkA,True,False,144,3.0,mexican,soup,salad,0,1,0,Medium,3,Conroe,TX,77303,1100.0,2200.0,1
75,E3yNQWihVA5dkJzhoG-o_A,True,False,35,3.0,diners,breakfast_brunch,tradamerican,0,1,0,Low,3,Conroe,TX,77303,0.0,0.0,0
76,35WUG06g-P-G-w1RmzE5yA,True,False,13,1.5,mexican,hotdogs,,0,1,0,,3,Conroe,TX,77303,900.0,100.0,0
77,4z7hEEisHuO5DN63Z61owg,True,False,22,2.0,burgers,hotdogs,,0,1,0,Low,3,Conroe,TX,77303,1000.0,0.0,0
78,Xr5RNORH77Ue0oC1D5lLiQ,True,False,13,2.5,hotdogs,burgers,coffee,0,1,0,Low,3,Conroe,TX,77303,0.0,0.0,0
79,YkxllzaO7VcQfmigJp23DQ,True,False,717,5.0,delis,italian,sandwiches,1,1,0,Medium,3,Montgomery,TX,77356,1100.0,1930.0,0
80,NtQv95Q1kalUrX5m4NKlFw,True,False,239,4.0,mexican,,,0,1,0,Medium,3,Montgomery,TX,77356,1100.0,2130.0,0
81,R0U1YhTL806IqsDmCn1U6Q,True,False,157,4.5,thai,,,0,1,0,Medium,3,Montgomery,TX,77316,1100.0,1500.0,0
82,m8WPlFlYthFhqiYptd98sA,False,False,37,2.5,chinese,,,0,1,0,Medium,3,Montgomery,TX,77356,1100.0,2130.0,0
83,gA0CzfbRj7ElUWJDF9zH0Q,True,False,38,4.0,tradamerican,breakfast_brunch,,0,0,0,Medium,3,Montgomery,TX,77356,800.0,2100.0,1
84,2K5_qQEsbksTpeud-kjDEw,True,False,4,4.0,japanese,sushi,bars,0,0,0,,3,Montgomery,TX,77356,,,1
85,f5wOfoJwk0bCDRQpFuD0MQ,False,False,205,3.5,japanese,sushi,asianfusion,0,1,0,Medium,3,Montgomery,TX,77356,1100.0,2200.0,0
86,2Ofv2K_x_ogv7IA5cgPRZQ,True,False,5,3.5,tradamerican,breakfast_brunch,diners,0,0,0,,3,Lake Conroe,TX,77316,0.0,0.0,0
87,sjyF2PN9KPxqVrl8k3Rgcg,True,False,78,2.0,salad,soup,sandwiches,1,0,0,Medium,3,Montgomery,TX,77356,600.0,2130.0,0
88,cfjD70MSTpW3j00uX-yneQ,True,False,38,3.5,sandwiches,,,1,1,0,Low,3,Montgomery,TX,77356,1000.0,2100.0,0
89,1RJI0bFHJMc-YXIXeGNE6A,True,False,8,2.5,chicken_wings,,,0,0,0,,3,Montgomery,TX,77356,1030.0,2200.0,1
90,xFP9soVn5MMJ1dOh3LTnjw,True,False,25,2.0,hotdogs,burgers,coffee,0,1,0,Low,1,Montgomery,TX,77356,500.0,2300.0,0
91,B_3Qv4PCBfwLgrreg4fSPg,True,False,2,1.0,burgers,hotdogs,,0,1,0,,1,Montgomery,TX,77316,,,0
92,DYrjx2-p-SBdYpsenh3U7w,True,False,190,4.0,sportsbars,cajun,,0,1,0,Medium,3,Montgomery,TX,77356,1100.0,2200.0,0
93,1wDhTUU3PUk6U4A32Kv6Pg,True,False,91,3.0,tradamerican,,,0,0,0,Medium,3,Montgomery,TX,77356,1100.0,2200.0,1
94,mC-ccdoC7ofVqDyyYEhEug,True,False,365,3.5,tex-mex,bars,musicvenues,0,1,0,Medium,3,Conroe,TX,77356,1100.0,2100.0,0
95,ymYe-0CNn_QltsYcfCHqpg,True,False,9,4.0,pizza,italian,food,0,0,0,,3,Montgomery,TX,77316,1100.0,2100.0,1
96,6nfKkweqKl5x2v3TUBXOiQ,True,False,7,3.0,pizza,chicken_wings,hotdogs,0,1,0,Low,3,Montgomery,TX,77356,1030.0,2200.0,0
97,UEsTb_v5omrJtE5PykWFRA,True,False,29,2.0,mexican,hotdogs,,0,1,0,Low,3,Montgomery,TX,77356,900.0,100.0,0
98,jG2bQMbEGMhSyHAxeN71Fg,False,False,196,2.5,seafood,pizza,sandwiches,0,1,0,Low,3,Montgomery,TX,77356,1100.0,0.0,0
99,pQpbW3AtizT_mEJS48kYug,True,False,153,4.5,seafood,bars,italian,0,1,0,High,3,Montgomery,TX,77356,1100.0,2100.0,0
100,UTvE-p70jcWW85LSWD2hQw,True,False,11,2.0,burgers,hotdogs,tacos,0,1,0,Low,3,Montgomery,TX,77356,500.0,100.0,0
101,WSy6ld61NZiyb2BFn4KzZg,True,False,293,4.0,tradamerican,breakfast_brunch,,0,1,0,Medium,3,Conroe,TX,77304,1100.0,2100.0,0
102,rklJqlszUSWj4cCnCXd2Qw,True,False,261,4.5,hotdog,comfortfood,newamerican,0,1,0,Low,3,Conroe,TX,77304,1200.0,2000.0,1
103,Mdp8ao3KX0EHcIguxB1cSg,True,False,49,3.5,bbq,,,0,0,0,,3,Conroe,TX,77304,630.0,2100.0,1
104,c22dXVBxGZVPvMbWtHWsoA,False,False,80,3.5,mexican,diners,breakfast_brunch,1,1,0,Medium,3,Conroe,TX,77304,1100.0,2130.0,0
105,Fh6FX9lu0lXdnLBi3_yHqA,True,False,71,2.5,seafood,cajun,,0,1,0,Medium,3,Conroe,TX,77304,1200.0,2100.0,0
106,XG4WDNKCiwnrmNpcdpoSLA,True,False,32,2.0,burgers,hotdogs,icecream,0,0,0,Low,3,Montgomery,TX,77356,600.0,2200.0,0
107,wGJTTJZHtjNdMTYAbOZqiw,True,False,28,2.5,hotdogs,chicken_wings,,1,1,0,Low,3,Montgomery,TX,77356,1000.0,2200.0,0
108,KJ0dEO7CxhV7w06wqSvlGQ,True,False,112,3.5,chinese,,,1,1,0,Medium,3,Conroe,TX,77304,1100.0,2130.0,1
109,saumajB5heBOfYRBnz-mIg,True,False,88,3.0,italian,salad,soup,0,0,0,Medium,3,Conroe,TX,77304,1100.0,2200.0,0
110,cbcHZMBNH71SDeY_usKrcA,True,False,53,2.5,sandwiches,hotdogs,delis,1,1,0,Medium,3,Conroe,TX,77304,1030.0,2100.0,0
111,3HESSZIwXBHTcB14z24tBQ,True,False,21,2.0,hotdogs,chicken_wings,,0,1,0,Low,3,Conroe,TX,77303,1030.0,2200.0,0
112,Ee-f4a1-updyfT6F-jGqYQ,False,False,1,4.0,food_court,servicestations,convenience,0,0,0,Low,0,Conroe,TX,77303,,,0
113,KXx48lpjiuzVoVmUX6fZaw,True,False,2,3.0,sandwiches,,,1,1,0,,3,Conroe,TX,77303,800.0,2200.0,0
114,mib3suvDiMA8R8z7g9PfCg,True,False,43,4.5,breakfast_brunch,tacos,,1,1,0,,3,Conroe,TX,77304,1000.0,2100.0,1
115,h_NnG5_tRBFwnj8WSAxlEQ,True,False,291,4.0,seafood,tradamerican,southern,0,1,0,Medium,3,Conroe,TX,77304,1100.0,2030.0,0
116,R5XFLBOD_zwcCU5IKi9_iQ,True,False,42,3.0,comfortfood,tradamerican,southern,0,0,0,Medium,3,Conroe,TX,77303,1100.0,2200.0,0
117,4kwklbf8OXmc2qud1CU4cQ,True,False,68,2.5,bbq,,,1,1,0,Low,3,Conroe,TX,77303,700.0,2100.0,1
118,v5Ag8xO_PhA7A6FU9FuylQ,True,False,87,2.0,sportsbars,burgers,tradamerican,1,1,0,Medium,3,Conroe,TX,77303,1100.0,200.0,0
119,oO9gE_hzmg77TscI85EC8A,True,False,117,2.0,chicken_wings,tradamerican,sportsbars,1,1,0,Medium,3,Conroe,TX,77303,1100.0,100.0,0
120,kDmLXiXajBdQLPEPPyhsVw,True,False,64,2.5,seafood,tradamerican,,1,1,0,Medium,3,Conroe,TX,77303,1100.0,2100.0,0
121,ctw_eg4CurKtqQ09lecv8A,True,False,125,4.5,newamerican,breakfast_brunch,cafes,1,1,0,Medium,3,Conroe,TX,77303,800.0,1500.0,1
122,bVkeX0tcl8cMBrjHOPKHig,True,False,87,3.5,mexican,,,1,1,0,Medium,3,Conroe,TX,77304,1100.0,2130.0,0
123,1zEdmGekyTYhB_0eilybAA,True,False,114,3.5,bbq,tradamerican,,0,1,0,Low,3,Conroe,TX,77304,1100.0,2100.0,0
124,9vMyGub0ZIizWBFOjihBZA,True,False,48,3.5,chicken_wings,,,0,1,0,,3,Conroe,TX,77304,1030.0,2200.0,1
125,84zNiHu42CTquG6YmgYMmg,False,False,8,3.5,mexican,,,0,0,0,,0,Conroe,TX,77304,1100.0,2130.0,0
126,8zXAumvHiV_YSEy9Rny68w,True,False,55,5.0,asianfusion,bubbletea,,0,0,0,Medium,3,Conroe,TX,77301,1100.0,2100.0,0
127,-f1POrUFwt-cE5a_mBsZDQ,True,False,213,3.5,tradamerican,steak,bbq,0,0,0,Medium,3,Conroe,TX,77301,1600.0,2200.0,0
128,jCiAzFEOp9R3VmRB2Xmbyg,True,False,187,4.5,vietnamese,,,1,1,0,Medium,3,Conroe,TX,77304,1100.0,2100.0,0
129,5Kt5lgKqI1jYBG5LXTsTBg,True,False,157,4.0,pizza,hotdogs,,1,1,0,Low,3,Conroe,TX,77301,1100.0,2200.0,0
130,X65jo-NKqoHS_9KMSw-1yg,True,False,72,3.0,chinese,soup,,1,1,0,Medium,3,Conroe,TX,77304,1100.0,2200.0,1
131,7ASdI6Vul4Slkk195kryLQ,True,False,92,2.0,tradamerican,bars,tex-mex,1,1,0,Medium,3,Conroe,TX,77303,1100.0,2300.0,0
132,oZm1NzWnWPifQv4Kvz3Ztw,True,False,38,3.5,sandwiches,hotdogs,salad,1,1,0,Low,3,Conroe,TX,77301,1000.0,2200.0,0
133,Fg0-nF1sgA7AAIlOzTokqQ,False,False,65,4.0,burgers,sandwiches,,1,1,0,Low,3,Conroe,TX,77304,1000.0,2000.0,0
134,-eRHIvA0QECPnWjHey_LFw,True,False,41,3.5,mexican,,,0,1,0,,3,Conroe,TX,77304,,,0
135,9UXEUelJJoFTAlyZt5Sk7A,True,False,58,3.5,delis,sandwiches,salad,1,1,0,Medium,3,Conroe,TX,77304,630.0,2200.0,0
136,o_xTS2-G_KlqsrdyB1qSyg,True,False,45,2.0,diners,tradamerican,breakfast_brunch,1,1,0,Medium,3,Conroe,TX,77303,0.0,0.0,0
137,LfNhePqiMtadvXqc6Ak3XQ,True,False,41,2.0,chicken_wings,,,0,0,0,Medium,3,Conroe,TX,77301,1100.0,2300.0,1
138,XWuZqLeQP2POhJpL9kxAug,True,False,9,2.5,pizza,chicken_wings,hotdogs,0,1,0,Low,3,Conroe,TX,77301,1000.0,2300.0,0
139,sd_dDD0F4tjl9_gyPAFtCQ,True,False,56,4.0,mexican,tex-mex,,1,0,0,Medium,3,Conroe,TX,77303,1030.0,2130.0,0
140,DDPh2-cspewXuYOzhkJ-FQ,False,False,41,4.0,mexican,,,0,1,0,Medium,3,Conroe,TX,77301,700.0,2300.0,0
141,nOceUGCJTEpJrqj5go2DKg,True,False,131,3.5,mexican,,,0,1,0,Medium,3,Conroe,TX,77301,1100.0,2200.0,0
142,jk5x3y3VkvgG28Ccn-hfyg,True,False,110,2.5,chinese,,,0,1,0,Low,3,Conroe,TX,77303,1100.0,2100.0,1
143,hPdJrc4iOomO_pocuuLFHA,False,False,33,3.5,mexican,,,0,1,0,Low,3,Conroe,TX,77301,,,0
144,SfxbFn9c5k5cj-V7J7H9PA,True,False,11,3.0,hotdogs,burgers,icecream,0,0,0,Low,3,Conroe,TX,77301,630.0,2200.0,1
145,EwNtPe8C24Yqwx7IsWS5xw,True,False,16,1.5,burgers,hotdogs,,0,1,0,Low,3,Conroe,TX,77301,600.0,2330.0,0
146,K52e5pmP5ss-I0i1P2Lf0g,True,False,13,2.0,hotdogs,burgers,coffee,0,1,0,Low,3,Conroe,TX,77301,0.0,0.0,0
147,yiQVxTdWkN6VFqL6tQXCmA,True,False,24,2.5,pizza,chicken_wings,sandwiches,0,0,0,Low,3,Conroe,TX,77301,1000.0,0.0,0
148,0aBXDz1mpMIatRRD5PDcoA,True,False,6,2.5,hotdogs,sandwiches,,1,1,0,Low,3,Conroe,TX,77301,600.0,2200.0,1
149,sofspcR1I5F3XZrDWui05A,True,False,25,1.5,pizza,chicken_wings,hotdogs,1,1,0,Low,3,Conroe,TX,77301,930.0,2300.0,0
150,f5S7DBTseCrXEypB8JFHYg,True,False,12,2.0,sandwiches,,,1,1,0,Low,3,Conroe,TX,77079,700.0,2200.0,0
151,8eySARw0-20Vps-D6NYcsg,True,False,140,4.5,vietnamese,,,0,1,0,Low,3,Conroe,TX,77301,1100.0,2100.0,0
152,YJqrFyFMY9xFhUModvy_2Q,True,False,144,4.0,chinese,buffets,,1,1,0,Medium,3,Conroe,TX,77301,1100.0,2130.0,0
153,Ti3iwNibuXwYfQxwyLIaJA,True,False,38,1.5,pizza,hotdogs,,0,0,0,Low,1,Conroe,TX,77301,1030.0,2200.0,0
154,-tkdeauvtTrieyXg8sOsRA,False,False,2,5.0,bars,musicvenues,pizza,0,0,0,,3,Conroe,TX,77303,,,0
155,W8BPNYV9vlbYLBm_fdZPug,True,False,12,4.5,chicken_wings,,,0,0,0,,3,Conroe,TX,77301,1100.0,2100.0,0
156,zcfmqdr_D-metKjwDBqBDw,True,False,1,1.0,tacos,tex-mex,,0,1,0,,3,Conroe,TX,77303,500.0,1600.0,0
157,TG1FRJkv_9PqoC8Ty5gn-A,True,False,3,5.0,coffee,venezuelan,breakfast_brunch,1,1,0,,3,Montgomery,TX,77316,730.0,1500.0,1
158,EYBi32S9RgOcOZ4NOFCHjQ,True,False,2,4.5,bbq,foodtrucks,,0,0,0,,3,Conroe,TX,77304,,,0
159,_no_KrXSsSE7WySPVKbxUw,True,False,93,4.0,tex-mex,mexican,bars,0,1,0,Medium,3,Conroe,TX,77304,1100.0,2130.0,0
160,0SX8pi3pAFKFRyQOppIkfw,True,False,150,3.5,italian,pizza,sandwiches,1,1,0,Medium,3,Conroe,TX,77304,1100.0,2100.0,0
161,md4ZJOw3BDr1Z67odgPv9g,True,False,15,1.5,sandwiches,,,1,1,0,Low,3,Conroe,TX,77304,800.0,2200.0,0
162,OjcLJzu7Ubw6PwN3twh8oQ,False,False,45,2.5,hotdogs,chicken_wings,,0,1,0,Low,3,Conroe,TX,77304,1030.0,2200.0,0
163,k0ZEzP3O4pm04Bw1Svjm-g,True,False,58,4.0,seafood,mexican,,1,0,0,Medium,3,Conroe,TX,77301,1100.0,2200.0,0
164,LZP4TfleVRN_RxeyzFtfhA,True,False,76,3.5,icecream,burgers,hotdogs,0,1,0,Low,3,Conroe,TX,77304,1030.0,2200.0,1
165,sRIPdE-5kiKyMwhgKPIQqg,True,False,16,4.5,hotdogs,delis,sandwiches,1,1,0,,3,Conroe,TX,77304,1000.0,2100.0,0
166,A3MMz7VIluWFA5xtsiHARQ,True,False,37,3.0,tex-mex,mexican,,1,1,0,Medium,3,Conroe,TX,77304,1100.0,2100.0,1
167,16yHrhihf3-dNhUWW744Rw,True,False,48,1.5,chicken_wings,hotdogs,chickenshop,1,1,0,Low,3,Conroe,TX,77304,1030.0,2200.0,0
168,PmbkHT4b13aa66tUfQZyrA,True,False,14,2.0,hotdogs,burgers,tacos,0,0,0,Low,3,Conroe,TX,77304,0.0,0.0,0
169,k9fgNXHN7yqT36tLODXO9g,True,False,3,2.0,coffee,burgers,hotdogs,0,1,0,Low,1,Conroe,TX,77301,600.0,2300.0,0
170,XuJL5nyo3vbzMegZn2XJsQ,True,False,67,4.0,buffets,chinese,,1,1,0,,3,Conroe,TX,77301,1030.0,2130.0,0
171,z6hbGJWhf4n0HbuOx7ySJg,True,False,137,3.0,dinnertheater,,,1,1,0,Medium,3,Conroe,TX,77301,,,1
172,Skptw9tL-l16HAODiZNcPQ,True,False,82,4.5,mexican,,,1,1,0,,3,Conroe,TX,77301,800.0,2200.0,1
173,nQbq1vQG8HjteuwyvydPgQ,True,False,32,4.0,mexican,,,0,1,0,Low,3,Conroe,TX,77301,700.0,2100.0,0
174,yuvrCk_AIHrV27138cf-FQ,True,False,15,4.0,mexican,,,1,1,0,,3,Conroe,TX,77301,700.0,1500.0,1
175,kxmlHZQSOpR4qcVEdUqARA,False,False,3,4.0,mexican,,,0,0,0,,3,Conroe,TX,77301,900.0,2000.0,0
176,aXtr3R14exw9GCw5FXsnkg,True,False,28,2.5,burgers,hotdogs,,0,1,0,Low,3,Conroe,TX,77301,0.0,0.0,0
177,vZYAYmrWmOtRTEayff8XPQ,True,False,1,1.0,sandwiches,,,1,1,0,,3,Conroe,TX,77304,700.0,2000.0,0
178,oKXOQrNlwBuzmvydBZ03Cg,True,False,18,2.5,hotdogs,burgers,coffee,0,1,0,Low,3,Conroe,TX,77304,500.0,0.0,0
179,EZWwnz0pmwwOrmDOmBXoyg,False,False,235,4.5,mexican,tex-mex,,0,1,0,Low,3,Conroe,TX,77304,1100.0,2100.0,0
180,YZ2TaYmgoLYJAZknF_rWzw,True,False,29,1.5,mexican,hotdogs,,0,1,0,Low,3,Conroe,TX,77304,900.0,0.0,0
181,G8-3SnzMNre84_MVXJx62A,True,False,481,4.5,breakfast_brunch,newamerican,,1,1,0,Medium,3,Conroe,TX,77304,700.0,1500.0,0
182,_CRQ-bYdJXvNPP6DmjkJnQ,False,False,249,4.5,tradamerican,breakfast_brunch,,1,0,0,Medium,3,Conroe,TX,77304,700.0,1400.0,0
183,QlWKDQ8QWIgs4L9AgI9sMQ,True,False,96,3.5,chinese,vietnamese,,1,1,0,Low,3,Conroe,TX,77304,1030.0,2000.0,1
184,FQJF5uTThaBLQFQj8qkm0g,True,False,9,3.5,pizza,chicken_wings,,1,1,0,,2,Conroe,TX,77304,1100.0,2300.0,0
185,XWXk9osHwfE_D2JuGBPyQw,True,False,43,3.0,cafeteria,,,0,1,0,Medium,3,Conroe,TX,77304,1100.0,2000.0,0
186,x4udDZS6ws9vgYsP2_1vwA,True,False,47,3.0,chicken_wings,,,0,1,0,Low,3,Conroe,TX,77304,1000.0,0.0,0
187,uPrbKVjs-B6Shicj2ygzOQ,False,False,1,2.0,italian,,,0,0,0,,0,Conroe,TX,77304,,,0
188,tKutFjYuZrhvdExKjjGq1A,True,False,118,3.0,steak,seafood,tradamerican,1,1,0,Medium,3,Conroe,TX,77301,1100.0,2100.0,1
189,fyi9Hf7RUIr1V1rRPnjyOg,True,False,11,4.0,tradamerican,buffets,,1,1,0,,3,Conroe,TX,77301,1000.0,2100.0,1
190,9bWkp_gx3EI0q3s_pKs7XQ,True,False,58,3.0,steak,,,1,1,0,Medium,3,Conroe,TX,77301,1100.0,2200.0,0
191,qZBFnKRCUFfTN_kvFZSgAA,True,False,30,2.0,tradamerican,buffets,newamerican,0,0,0,Low,3,Conroe,TX,77304,,,1
192,YyIsm2cgP0ViEvAFq19rZQ,True,False,308,4.0,italian,pizza,salad,1,1,0,Medium,3,Conroe,TX,77301,1100.0,2100.0,0
193,V1dQrBL7davrMt3dnNcenQ,True,False,238,4.0,bbq,burgers,,1,1,0,Medium,3,Conroe,TX,77301,630.0,2100.0,1
194,7ZsVg9-cQe5TDldLsts50Q,True,False,46,4.5,mexican,,,0,1,0,Low,3,Conroe,TX,77301,1000.0,0.0,1
195,QtYYLXve9bzNn6FOy0t4rw,False,False,24,3.5,coffee,chocolate,salad,0,1,0,Low,3,Conroe,TX,77301,930.0,1800.0,0
196,-IiHYys3_m5yF53f3xCL8Q,True,False,8,3.5,chickenshop,breakfast_brunch,hotdogs,0,1,0,,3,Conroe,TX,77301,1030.0,2200.0,0
197,Qj7PulKweM1bBLRLOA64bg,False,False,2,1.0,chinese,asianfusion,,0,0,0,,0,Conroe,TX,77305,,,0
198,3Nd3bdfBOHG6Xz9H31ZG_w,True,False,34,2.0,mexican,hotdogs,,0,1,0,Low,3,Conroe,TX,77301,900.0,200.0,0
199,HCRJeK_VKdsqJETwmz3s9w,False,False,1,1.0,mexican,,,0,1,0,,3,Conroe,TX,77301,,,0
200,-EqFxrDCB6CwmHNMdqFhyA,False,False,1,5.0,chinese,,,0,0,0,,3,Cut and Shoot,TX,77306,,,0
201,0PsxYCnKBHicAf6wrgTenw,False,False,3,2.5,mexican,,,0,0,0,,0,Conroe,TX,77306,,,0
202,Sryg0fRlDwoV6l_11HIAGw,True,False,13,2.0,hotdogs,burgers,tacos,0,1,0,Low,3,Conroe,TX,77301,0.0,0.0,0
203,K8PNgvPPFUmAtHEXAw2pxg,True,False,12,2.5,hotdogs,burgers,coffee,0,1,0,Low,3,Conroe,TX,77306,0.0,0.0,0
204,1kt4lSLqad1C-aQdW001Lw,True,False,14,2.0,burgers,hotdogs,icecream,1,1,0,Low,3,Conroe,TX,77306,700.0,2200.0,1
205,QkM_-JVRsvVfhoQm7Zjxxw,True,False,8,2.0,sandwiches,,,1,1,0,Low,3,Conroe,TX,77301,800.0,2300.0,0
206,BP7LaLZK4ASBpEJG_Q1TUw,True,False,85,5.0,foodtrucks,tacos,burgers,0,1,0,Low,3,Conroe,TX,77304,1100.0,2000.0,0
207,s1B22ECHU_fgeKbxTL3Q6w,True,False,341,4.0,breakfast_brunch,cafes,sandwiches,0,1,0,Medium,3,Conroe,TX,77304,730.0,1800.0,1
208,Z7srHWChMwBOl5DPXxmaZQ,True,False,1,2.0,tacos,tex-mex,,0,1,0,,3,Conroe,TX,77304,500.0,1600.0,0
209,3D2vSJJmBx6xVPwqpHKc8w,False,False,15,4.5,soulfood,bbq,comfortfood,0,0,0,Low,3,Conroe,TX,77304,,,0
210,dX4EE8iPwO9mu40N7Wmcrg,True,False,306,4.5,korean,,,0,1,0,Low,3,Conroe,TX,77304,1100.0,2000.0,0
211,pknUjytQBMYbjd9kMSXEMg,True,False,207,3.5,seafood,,,1,1,0,Medium,3,Conroe,TX,77304,1030.0,2130.0,0
212,WLVyBXmL6Sb54dEJiLcTAw,False,False,63,3.5,mexican,bars,seafood,1,1,0,Medium,3,Conroe,TX,77304,1100.0,2200.0,0
213,IG4h9L6TsDKTe8Q1YAnIQg,True,False,103,2.5,sushi,teppanyaki,,0,1,0,Medium,3,Conroe,TX,77304,1130.0,2200.0,0
214,hQ4S7uvOxC_NDZIJkHoTqA,True,False,50,2.5,hotdogs,burgers,,0,1,0,Low,3,Conroe,TX,77304,0.0,0.0,0
215,AYDvUMNFiDH_55RHx2TuYA,True,False,22,2.5,bakeries,breakfast_brunch,coffee,0,1,0,Medium,3,Conroe,TX,77304,600.0,1400.0,0
216,1zakWTC9a2MqylwHWklggQ,True,False,12,2.5,sandwiches,,,1,1,0,Low,3,Conroe,TX,77304,0.0,0.0,0
217,3h9SYQ05YLdtz4h7l-qqQQ,True,False,187,4.0,italian,,,1,1,0,Low,3,Conroe,TX,77304,1100.0,2000.0,0
218,eChiNSVrUyj9FlfZ5rkGcg,False,False,5,5.0,mexican,,,0,1,0,,2,Conroe,TX,77301,,,0
219,Km7wuxQuPptNVuYtjaZunA,True,False,83,2.5,mexican,bars,,1,1,0,Medium,3,Conroe,TX,77301,1100.0,2130.0,0
220,VsjGahfQZY5xuulf982cUA,True,False,70,3.5,tex-mex,mexican,,1,1,0,Low,3,Conroe,TX,77301,1030.0,2130.0,0
221,aUOd7OaTueii001zmOcJ1w,True,False,74,3.0,sandwiches,salad,soup,1,0,0,Medium,3,Conroe,TX,77304,600.0,2130.0,0
222,9a8ZUVbimuovBAGFNHxCFg,True,False,77,3.0,hotdogs,chickenshop,salad,0,1,0,Low,3,Conroe,TX,77304,600.0,2200.0,0
223,cpnUZukHd-QMiTERAQnOxw,True,False,45,1.5,pizza,desserts,chicken_wings,1,1,0,Low,3,Conroe,TX,77301,1100.0,2200.0,0
224,Wvm-UlP1Xi4_q8tmuO4PXA,True,False,45,2.5,chinese,hotdogs,,1,1,0,Low,3,Conroe,TX,77304,1030.0,2130.0,0
225,73w3Q2-ysisg_gxld8nSHg,True,False,55,2.5,burgers,hotdogs,,0,1,0,Medium,3,Conroe,TX,77304,1100.0,2200.0,0
226,T4B4EozXu8WifpRpFA0SSQ,True,False,14,3.5,sandwiches,delis,catering,0,1,0,Medium,3,Conroe,TX,77304,1030.0,2000.0,1
227,edv_G-d0mxJepK-AGBghWg,True,False,63,2.5,mexican,hotdogs,,1,1,0,Low,3,Conroe,TX,77304,1045.0,2200.0,0
228,am-ehw1Nv7IHn7JSb_snBg,True,False,25,1.0,hotdogs,burgers,coffee,0,1,0,Low,3,Conroe,TX,77301,0.0,0.0,0
229,b_f0nMvAaPPVIftvW8TVnw,True,False,13,2.5,hotdogs,chicken_wings,,1,1,0,Low,3,Conroe,TX,77301,1030.0,2200.0,0
230,JnggN2wd6GQK-YLct0NpRQ,True,False,1,5.0,hotdogs,,,0,0,0,Low,0,Conroe,TX,77301,,,0
231,2pqnkUXwG4hyhy2artd9Jg,True,False,14,1.5,burgers,hotdogs,,0,1,0,Low,3,Conroe,TX,77301,600.0,0.0,0
232,F1AG0ya_v9i0KkcpTCuXgQ,True,False,57,5.0,pizza,burgers,fishnchips,0,0,0,Medium,3,Conroe,TX,77301,1100.0,2000.0,1
233,U0NBVAlJp1IGhV47wIyp-Q,True,False,66,4.0,italian,,,0,1,0,Medium,3,Conroe,TX,77301,1100.0,1430.0,0
234,H_fzhlxzSz474pt-bHcqQw,True,False,3,5.0,foodtrucks,mexican,,0,0,0,,3,Conroe,TX,77301,1200.0,2000.0,0
235,wgLINDW9o5OK3a4RvCmzBA,True,False,2,5.0,bbq,foodtrucks,streetvendors,1,1,0,,3,Conroe,TX,77301,1700.0,2100.0,1
236,W60GB7FJylj0vabFd2Kdmw,True,False,15,2.0,southern,chickenshop,hotdogs,0,1,0,Low,3,Conroe,TX,77301,1030.0,2100.0,0
237,ZGOcfti8narC8PyJEchXng,True,False,17,2.0,burgers,hotdogs,icecream,0,0,0,Low,3,Conroe,TX,77301,630.0,2200.0,1
238,Ecj0R9JIKtKqsHtGTxL32w,True,False,7,2.0,sandwiches,,,1,1,0,Low,3,Conroe,TX,77301,800.0,2200.0,0
239,cLzzlSEC6JxwGOaNwKDwjg,True,False,481,4.0,breakfast_brunch,comfortfood,newamerican,0,1,0,Medium,3,Conroe,TX,77301,700.0,2100.0,1
240,0Y34t6etnZRtrc0yhsqOxw,False,False,15,4.0,noodles,ramen,coffee,1,1,0,,3,Conroe,TX,77301,1100.0,2200.0,0
241,VxfNJbcpUb8m03cG4L5Unw,True,False,17,5.0,salvadoran,,,0,1,0,,3,Conroe,TX,77301,800.0,1600.0,1
242,Smti6JomKQHkBIbglvRK3g,False,False,97,4.0,icecream,newamerican,,0,1,0,Low,3,Conroe,TX,77301,800.0,2200.0,0
243,fheUmYFc18wunIgBk2dF-A,False,False,21,4.5,mexican,,,0,0,0,Low,3,Conroe,TX,77301,,,0
244,6YDxj3OApWZjUIWwWeJAIg,True,False,20,4.0,customcakes,bakeries,cafes,1,1,0,,3,Conroe,TX,77301,730.0,1800.0,0
245,r3wWVMYGSonFIMtIjnSXOw,False,False,1,4.0,mexican,,,0,0,0,,0,Conroe,TX,77301,,,0
246,atQy7GHk-5e_Nk5NlFnL_A,False,False,4,4.0,food_court,,,0,0,0,,3,Conroe,TX,77301,700.0,1500.0,0
247,xBhX86tRt3cBgM8WuTlA2g,False,False,1,1.0,cafes,,,0,0,0,,0,Conroe,TX,77301,,,0
248,Oa9PyrRMCgDPykrGPg45TA,True,False,4,5.0,tacos,foodtrucks,,0,0,0,,3,Conroe,TX,77301,700.0,2300.0,1
249,Uucfm9lGFVGxVm6qPHparQ,False,False,1,5.0,honduran,,,0,1,0,,1,Conroe,TX,77356,,,0
250,DztlfjVdKWtTE2WiXMsukw,True,False,1,1.0,soulfood,bbq,,0,0,0,,1,Conroe,TX,77301,2100.0,200.0,1
251,NAb8vfpLQLHuk_J2asg3UQ,False,False,8,4.5,foodtrucks,asianfusion,chicken_wings,0,0,0,,3,Conroe,TX,77301,,,0
252,jmQOQsHSX-FjnFC5oY9pvg,True,False,3,3.5,foodtrucks,pizza,,0,0,0,,3,Willis,TX,77318,1200.0,1900.0,1
253,onYR_pw8d1VkG88aQx5laQ,True,False,115,4.5,breakfast_brunch,sandwiches,tradamerican,0,0,0,,3,Conroe,TX,77301,700.0,1500.0,0
254,ggIHJQTOJCIqR4evEkl4sQ,False,False,136,4.0,mexican,,,0,0,0,Low,3,Conroe,TX,77301,1000.0,2330.0,0
255,rZ0PqztaYPq_Veaae_v5jw,True,False,114,4.5,foodtrucks,tacos,,0,1,0,Low,3,Conroe,TX,77301,700.0,0.0,0
256,43vVo55YV2Lo5M2vXikuPA,False,False,11,3.5,mexican,,,0,1,0,,3,Conroe,TX,77301,,,0
257,gnuUT--vajDUquhB8nrutg,False,False,8,3.5,mexican,,,0,1,0,,3,Conroe,TX,77301,1100.0,2300.0,0
258,Ywaw0bo0UKTeUmXw7DyLjA,True,False,2,2.5,mexican,,,0,0,0,,3,Conroe,TX,77301,700.0,2200.0,1
259,pms-w2H0fQd0F-FqurwoQA,False,False,2,1.5,restaurants,,,0,1,0,Low,0,Conroe,TX,77301,,,0
260,Mvtbd4GzL8N1OOZ1TAWvgg,True,False,11,4.5,food_court,,,0,0,0,,3,Conroe,TX,77301,,,1
261,q-_j5pGvFLWhi-DUyMXnSA,True,False,212,3.5,bars,southern,bbq,1,1,0,Medium,3,Conroe,TX,77301,1100.0,2200.0,0
262,Y5sCvs9aFLz8WybkRuKjMQ,True,False,2,4.0,hotdogs,,,0,0,0,,3,Conroe,TX,77301,,,1
263,undthrV4FBF1Tr3mPwYOew,True,False,2,2.5,honduran,salvadoran,mexican,0,0,0,,3,Conroe,TX,77301,900.0,2200.0,0
264,mXcMlGDDsmpl-V0n06lAAQ,True,False,2,5.0,foodtrucks,chicken_wings,,1,1,0,,3,Conroe,TX,77301,1130.0,1430.0,1
265,QxYjLEfBeIvR8OoIr61t1Q,False,False,5,3.0,mexican,,,0,1,0,Low,1,Conroe,TX,77301,,,0
266,at1VjeiBTD9ca-4ebsYVUQ,True,False,2,5.0,grocery,delis,,0,0,0,,1,Conroe,TX,77301,,,0
267,1ceL4b3agizrVnza3dbHEg,True,False,1,5.0,bbq,foodtrucks,,0,0,0,,2,Conroe,TX,77301,,,1
268,OoZPD69K3mLBE3_unnj4JA,False,False,1,5.0,mexican,,,0,0,0,,3,Conroe,TX,77301,,,0
269,7r8rbufFTkourQz3L8Lj5Q,False,False,8,4.5,bbq,salad,catering,0,0,0,,3,Conroe,TX,77301,,,0
270,iHkVMdwBOUHUkYYn-qLC4g,True,False,29,1.5,hotdogs,pizza,,0,0,0,Low,3,Conroe,TX,77301,1030.0,2200.0,0
271,2V7wyoZfpxuvpRyi6LWMbg,True,False,185,3.5,burgers,,,1,1,0,Low,3,Conroe,TX,77304,1030.0,2000.0,0
272,4iJi5V2XaWSwv1Wko9Sxwg,True,False,58,4.5,italian,,,0,1,0,,3,Conroe,TX,77304,1100.0,2100.0,0
273,f_uuppCphJoORo6pcQrGqA,False,False,11,3.5,mexican,,,0,1,0,Medium,3,Conroe,TX,77301,,,0
274,sYhcWNhxp7AszF2Xu5VQlg,True,False,32,4.0,salad,burgers,cocktailbars,0,0,0,,2,Montgomery,TX,77316,1100.0,2200.0,1
275,1mAAt75JZuYHS9XRF8Mx0w,False,False,22,5.0,sushi,,,0,0,0,,3,Montgomery,TX,77316,,,0
276,JjLTaxryzBCETBlYaNbGXA,True,False,11,4.0,tacos,,,1,1,0,,3,Montgomery,TX,77316,1000.0,2100.0,0
277,0QoJv60QQ4Xji-BliSPpjQ,True,False,84,5.0,pizza,wine_bars,italian,0,1,0,,3,Montgomery,TX,77316,1100.0,2100.0,0
278,sG4CvEYGSysdNEOV9oOCFQ,True,False,26,4.0,sushi,,,0,0,0,,3,Montgomery,TX,77316,1100.0,2130.0,0
279,RYb1OUSs2k769WV0zBRshA,True,False,27,4.5,coffee,breakfast_brunch,sandwiches,0,1,0,,3,Montgomery,TX,77316,600.0,1600.0,1
280,Ecphez4zJ7pJ76hwI2qeNg,True,False,33,4.5,cafes,coffee,,0,0,0,Low,3,Montgomery,TX,77316,600.0,1900.0,1
281,NhxxTbuhuazbsRVmqUIT5w,True,False,8,4.5,mexican,fooddeliveryservices,,0,0,0,,3,Conroe,TX,77304,1100.0,2030.0,1
282,NZ1DfOIe1cT76hPGADxHww,True,False,1,5.0,sandwiches,delis,,1,1,0,,3,Conroe,TX,77304,800.0,2200.0,1
283,toOCgC8soAv1uaTYEgNcpg,True,False,8,2.5,hotdogs,chickenshop,salad,0,1,0,,3,Conroe,TX,77304,600.0,2200.0,0
284,IKowQs6lHtNsjtTjXCgr2Q,True,False,53,2.0,burgers,hotdogs,,0,1,0,Low,3,Conroe,TX,77304,0.0,0.0,0
285,WAYz2MTfVnJUReRwx9duIw,True,False,61,3.5,chinese,buffets,seafood,1,0,0,Low,3,Conroe,TX,77304,1100.0,2100.0,0
286,mNNn0DkUEb7F_OfxObGMrw,True,False,62,3.0,breakfast_brunch,tradamerican,burgers,1,1,0,Medium,3,CONROE,TX,77304,0.0,0.0,0
287,3OpZBqyS-BBPMeGhRW-PoA,True,False,86,2.5,pizza,buffets,arcades,1,0,0,Medium,3,Conroe,TX,77304,1100.0,2100.0,0
288,0oXlgae9aGee5ZOva5bcVg,True,False,97,2.0,mexican,,,1,1,0,Low,3,Conroe,TX,77304,600.0,2200.0,0
289,dD9qhUwuG3mMBDA-yELgxw,True,False,60,3.0,breakfast_brunch,tradamerican,waffles,0,1,0,Low,3,Conroe,TX,77304,0.0,0.0,0
290,GN5sUKMhcd6K_TrY2Jcvrg,False,False,3,2.5,pancakes,,,0,0,0,,1,Conroe,TX,77304,,,0
291,403JTYFDIro_O8DdwALVPA,True,False,22,2.0,pizza,chicken_wings,hotdogs,0,1,0,Low,3,Conroe,TX,77304,1000.0,2300.0,0
292,AtC6KADBgFuhcM9Vr0lvzw,True,False,10,1.5,sandwiches,,,1,1,0,Low,3,Conroe,TX,77301,800.0,2200.0,0
293,08RwuhzGPVYUrEYECvEpIQ,True,False,194,4.5,asianfusion,,,0,1,0,Medium,3,Conroe,TX,77304,1100.0,2100.0,0
294,HhrNNU0Eurnun9-O7O5ovw,True,False,17,2.5,salad,soup,wraps,0,1,0,,3,Conroe,TX,77304,1100.0,2100.0,1
295,gOPxYgEtn8gaFuY3V8MtVw,True,False,40,3.5,japanese,asianfusion,gluten_free,1,1,0,,3,Conroe,TX,77304,1100.0,2100.0,1
296,bN7rm0LCXq0ieF7py0otDg,True,False,102,3.0,tacos,tex-mex,,0,1,0,,3,Conroe,TX,77304,800.0,2200.0,0
297,Bl6BIP-dBeDTvg64bPTp8g,True,False,12,3.5,delis,sandwiches,salad,1,1,0,,3,Conroe,TX,77304,1030.0,2100.0,1
298,ccaRYtZclcCawX4jLdzDRg,True,False,60,4.0,hotdogs,pizza,,1,1,0,,3,Conroe,TX,77304,1030.0,2200.0,0
299,eQfCzkxYpLWXvo0sm5XggA,True,False,13,3.0,chicken_wings,,,0,0,0,,3,Conroe,TX,77304,1045.0,0.0,0
300,aQVCxdjzgVmi4dknIb1E-Q,True,False,21,3.5,newamerican,breakfast_brunch,,0,1,0,Medium,3,Montgomery,TX,77316,800.0,2100.0,0
301,6toCFcPwArMDxNkhmEwtLg,False,False,6,5.0,foodtrucks,mexican,,0,0,0,Low,3,Conroe,TX,77304,,,0
302,dE-rXmV0qpE2Wb57INMWpA,True,False,189,4.0,tradamerican,breakfast_brunch,sandwiches,0,1,0,Low,3,Conroe,TX,77302,800.0,2000.0,1
303,AqVAZCb7Re3qcl9OqQAtyQ,True,False,1,4.0,foodtrucks,tacos,,0,0,0,,3,Conroe,TX,77302,,,0
304,BjKBMEF41aHqyqDUiV4nKw,True,False,4,5.0,bbq,soulfood,sandwiches,0,0,0,,3,Conroe,TX,77384,,,1
305,pn9IcumbNIQjn3wt1A5WAQ,True,False,30,4.5,seafood,cajun,foodtrucks,0,0,0,,3,Conroe,TX,77384,,,1
306,E86ka2HMxUpknneVyKqxkA,True,False,3,2.0,sandwiches,,,0,0,0,Low,3,Conroe,TX,77384,800.0,2100.0,0
307,Z7Zw5_bp3DJSoODV7K6-Xw,True,False,17,1.5,burgers,hotdogs,,0,1,0,Low,3,Magnolia,TX,77354,600.0,2300.0,0
308,HBHTaDPb1aHPt6u8bE8KRA,True,False,207,4.0,tradamerican,,,0,0,0,Medium,3,Conroe,TX,77384,1100.0,2100.0,0
309,wxPeZ9FJADM8oXceJjUFmw,True,False,61,4.0,tex-mex,mexican,bars,1,1,0,,3,Conroe,TX,77384,1100.0,2130.0,1
310,QiKHdkSouPBiTuDH9wh6GA,False,False,48,3.5,burgers,,,1,1,0,,3,Conroe,TX,77384,,,0
311,v1OD9E4Ha639DtONsRtC2Q,True,False,96,4.0,creperies,coffee,sandwiches,1,1,0,Medium,3,Conroe,TX,77384,700.0,1900.0,0
312,AJ-0Xktk0U3_mT1AQXsb5g,True,False,40,4.5,cuban,desserts,catering,1,1,0,,3,The Woodlands ,TX,77384,1100.0,1900.0,0
313,btR4wJ1TcEnIzZ6nmo-I4w,False,False,35,4.0,pizza,italian,,1,1,0,,3,The Woodlands,TX,77354,,,0
314,OhjxUVdjtR84DR10mGowFg,True,False,1,4.0,cafes,pizza,wraps,0,0,0,,3,Conroe,TX,77384,1000.0,1500.0,1
315,EGkFGT9egrk_snBNP_9VpQ,True,False,16,2.5,hotdogs,burgers,,0,1,0,Low,3,Conroe,TX,77384,600.0,0.0,0
316,-M57j_EFsa6uqKO4Pv1pkw,True,False,20,2.0,sandwiches,,,1,1,0,Low,3,Conroe,TX,77384,900.0,2200.0,0
317,vVyS1Crb45-_mBwDcmgZSQ,True,False,11,4.5,venezuelan,,,1,1,0,,3,Conroe,TX,77384,1600.0,2200.0,0
318,lu4OH926K3KtSL6ByIylHw,True,False,21,5.0,foodtrucks,peruvian,,1,1,0,,3,Conroe,TX,77384,1200.0,2000.0,0
319,B74prOQVLJfqgB8yFOrR2Q,True,False,8,5.0,foodtrucks,bbq,,0,0,0,,3,Conroe,TX,77384,1200.0,1900.0,1
320,L1A22d4vXWDUIFjLiipf7A,True,False,140,4.0,mexican,,,1,1,0,Medium,3,The Woodlands,TX,77384,1100.0,2100.0,0
321,t3-RE7Mz--wpZ786TVlaOQ,True,False,91,3.0,chinese,,,1,1,0,Medium,3,The Woodlands,TX,77384,1100.0,2100.0,1
322,64gFOvLrogOHP2B90FLrlQ,False,False,1,5.0,foodtrucks,tacos,,0,1,0,,3,Conroe,TX,77384,,,0
323,E7mggpurPTerRtphVszCIw,True,False,53,3.0,sushi,teppanyaki,,0,1,0,Medium,3,The Woodlands,TX,77384,1500.0,2200.0,0
324,IrW3CSSLCT1h1qY5TbPl5g,True,False,2,5.0,foodtrucks,mexican,,0,0,0,,3,Conroe,TX,77384,1600.0,2200.0,1
325,zUXiQ7TCKMKdkcJ1RigrHw,True,False,378,4.0,comfortfood,sportsbars,beerbar,0,1,0,Medium,3,Conroe,TX,77384,1100.0,0.0,0
326,0Zm9RRmhNXY253Pkp7BXBg,True,False,32,4.5,japanese,sushi,asianfusion,0,1,0,,3,The Woodlands,TX,77384,1100.0,2200.0,0
327,neNIE8GQXH91DWn5O0aqAQ,False,False,25,4.0,pizza,sandwiches,,0,0,0,,3,Conroe,TX,77384,,,0
328,jPk1Grcwo1W08H9b4Cpthw,True,False,78,4.0,breakfast_brunch,southern,coffee,0,0,0,Medium,3,Conroe,TX,77384,800.0,1400.0,0
329,It38ety4aaQvAeH3YrOikA,True,False,140,4.0,vietnamese,noodles,,1,1,0,Medium,3,The Woodlands,TX,77384,1100.0,2200.0,1
330,kk7G5u5tdOw4z0I8sr5Apg,False,False,1,1.0,steak,,,0,0,0,,0,The Woodlands,TX,77384,,,0
331,zxAcRbrsK0UvfFhbH4Tjig,True,False,80,4.0,cafes,desserts,,1,1,0,Low,3,Magnolia,TX,77354,800.0,1500.0,1
332,MFqWJGft1SUcrS_qP8qCaA,True,False,31,4.0,newamerican,breakfast_brunch,,0,0,0,Medium,3,Magnolia,TX,77354,700.0,1400.0,0
333,zMQ62ZuSreeXmMdWIjryuQ,True,False,4,2.5,sandwiches,,,1,1,0,,3,Magnolia,TX,77378,800.0,2200.0,0
334,AcHRKJvKkbHwTXFxth5H4g,False,False,1,5.0,tacos,breakfast_brunch,sandwiches,0,0,0,,3,Magnolia,TX,77354,,,0
335,6jrqUUQvCrwjzGCEmA9mwg,True,False,18,4.5,mexican,tex-mex,,0,0,0,,3,Magnolia,TX,77354,1100.0,2130.0,0
336,PszsILkmk67OhAvEmpDs7A,True,False,67,2.5,beerbar,breakfast_brunch,burgers,1,1,0,,3,Magnolia,TX,77354,1600.0,2300.0,0
337,QatjPy9GFVOcaqvmL2nZ1w,True,False,5,4.0,divebars,pubs,tradamerican,0,0,0,Medium,3,Magnolia,TX,77355,1100.0,200.0,0
338,sUHgctvub1zh5SF_GNmnyA,True,False,28,4.5,bbq,beergardens,,1,1,0,Medium,3,Magnolia,TX,77354,,,1
339,LYq8oe37vN1hGIR5WcmYQg,True,False,59,4.0,bbq,,,1,1,0,Low,2,Magnolia,TX,77354,1100.0,2100.0,1
340,7tB7zadiKqy2hPw7MymbGQ,True,False,4,1.0,tacos,tex-mex,,0,1,0,,3,Magnolia,TX,77354,500.0,1600.0,0
341,ElfHSeugLHok6HThv3-JHA,True,False,179,4.5,steak,newamerican,,1,1,1,High,3,Magnolia,TX,77354,1100.0,2100.0,0
342,5Iw1eHdPgxpjpUyvGxbJ6g,True,False,21,2.5,pizza,chicken_wings,sandwiches,0,0,0,Low,3,Magnolia,TX,77354,1000.0,0.0,0
343,iPwjZipj6uqX-NOPF_i-ZQ,True,False,46,4.5,newamerican,wine_bars,cocktailbars,1,1,0,,3,Magnolia,TX,77354,1100.0,2100.0,0
344,2MsB3uzJg2RHcN-bNu41YA,True,False,102,4.5,tradamerican,breakfast_brunch,,1,1,0,Medium,3,Magnolia,TX,77354,730.0,2100.0,0
345,i7nlXOFOaIkGnZt2pl0mlg,True,False,5,5.0,foodtrucks,tacos,,0,0,0,,3,Magnolia,TX,77354,1700.0,2100.0,0
346,TODqV6pG9ir4UIgC9ONDGg,True,False,30,4.5,waffles,icecream,desserts,1,1,0,,3,Magnolia,TX,77354,1200.0,2100.0,1
347,GeqdRU25YxruCQTQITKZDA,True,False,112,4.0,thai,,,1,1,0,Medium,3,Magnolia,TX,77354,,,0
348,r29E-kBeNAUtbSG4s6egkw,False,False,43,4.0,pubs,sandwiches,,0,1,0,Medium,3,Magnolia,TX,77354,1200.0,200.0,0
349,bf-eAd09f-9IcA4vyy7ZWA,True,False,177,3.5,mexican,tex-mex,,0,1,0,Low,3,Magnolia,TX,77354,730.0,2100.0,0
350,q-yYuSStVQl1l1i6IHw_iw,True,False,127,4.0,tex-mex,mexican,,0,0,0,Medium,3,Magnolia,TX,77354,1100.0,2130.0,0
351,qW5wFAemJDAGDbtquGmsHw,True,False,195,4.0,japanese,sushi,,1,1,0,Medium,3,Magnolia,TX,77354,1100.0,2100.0,0
352,8q2a--u3ydWWwE0og8Op8w,True,False,103,4.0,vietnamese,,,1,1,0,Low,3,Magnolia,TX,77354,1100.0,2100.0,0
353,9p1VOtkhqBdRE2OH8Etbhw,True,False,71,2.5,chinese,,,1,1,0,Low,3,Magnolia,TX,77354,1100.0,2130.0,0
354,QCCXvTq18Rc21rJP1CzBJA,True,False,66,3.5,burgers,hotdogs,icecream,1,1,0,Low,3,Magnolia,TX,77354,1030.0,2200.0,1
355,m_FzWbOjl18Cw4a6qlsjyQ,True,False,23,3.5,chicken_wings,,,0,0,0,Medium,3,Magnolia,TX,77354,1100.0,2200.0,0
356,A9drnrhpMNo3OJrQro_9DQ,True,False,16,2.0,hotdogs,,,0,1,0,,3,Magnolia,TX,77354,1000.0,0.0,0
357,lM38VLAd8o81aIbxweaM_A,True,False,14,4.0,sandwiches,hotdogs,delis,1,1,0,,1,Magnolia,TX,77354,1000.0,2100.0,0
358,bqPlka6dImnp5WhHlqD8wQ,True,False,2,2.5,bbq,foodtrucks,sandwiches,1,1,0,,3,Magnolia,TX,77354,1500.0,2000.0,1
359,rN-E-IIgO1K5b2IW_i1lHQ,True,False,85,3.0,burgers,hotdogs,,0,1,0,Medium,3,Magnolia,TX,77354,1100.0,2200.0,0
360,apdiaboBxoGSioBVJO3nRA,True,False,27,3.0,salad,sandwiches,delis,1,1,0,,3,Magnolia,TX,77354,1000.0,2200.0,0
361,DsK-8AHYR9ac5YVX8y8pXA,True,False,2,5.0,foodtrucks,venezuelan,mexican,1,1,0,,1,Magnolia,TX,77354,,,1
362,-WtX8oU54Z82EBrKCHnH3g,True,False,46,2.0,chinese,hotdogs,,1,1,0,Low,3,Magnolia,TX,77354,1030.0,2130.0,0
363,_7BY6cakvx2if_SRz8Uesw,False,False,115,3.0,mexican,,,0,0,0,Medium,3,Magnolia,TX,77354,,,0
364,z7MR7wOeY7p_zbky1gn1Rw,True,False,35,2.0,hotdogs,burgers,coffee,0,1,0,Low,3,Magnolia,TX,77354,500.0,0.0,0
365,oatKJotdvLnrNEx1YRvXHg,True,False,11,2.0,hotdogs,burgers,tacos,0,1,0,Low,3,Magnolia,TX,77354,0.0,0.0,0
366,SWpRNVf2_Wxro6B6SyZhPg,True,False,40,2.0,hotdogs,mexican,,0,1,0,Low,3,Magnolia,TX,77354,900.0,200.0,0
367,NuB1ypDznNcFgpVudb7d9g,False,False,12,2.5,mexican,,,0,0,0,Medium,1,Magnolia,TX,77354,,,0
368,DfTjFgRAIA8bIrApqT56WQ,True,False,7,1.5,servicestations,newamerican,grocery,0,0,0,,0,Magnolia,TX,77354,600.0,0.0,0
369,TWh6mgf64u2XlIcLjEMZyQ,True,False,38,2.0,pizza,hotdogs,,0,0,0,Low,3,Magnolia,TX,77354,1030.0,2200.0,0
370,tKwc_Gd8Fi20l3hzhIiMkg,True,False,58,2.5,pizza,chicken_wings,hotdogs,0,1,0,Low,3,Magnolia,TX,77354,1100.0,2300.0,0
371,5Nf5l0UIr5SUkGJJvi3zUg,True,False,213,4.5,japanese,sushi,asianfusion,0,1,0,Medium,3,Magnolia,TX,77354,1100.0,2100.0,0
372,tpq3AgFV_TRf0sKJAQxIJQ,True,False,362,4.5,breakfast_brunch,cafes,tradamerican,0,1,0,Medium,3,Magnolia,TX,77354,1100.0,2100.0,0
373,UQD4G6aONuKYKC1tdN7NxA,True,False,165,4.0,mexican,seafood,cocktailbars,1,1,0,Medium,3,Magnolia,TX,77354,1100.0,2100.0,0
374,AMwd3YNb_qhmIgOTrwGUoA,True,False,204,3.5,newamerican,sportsbars,cajun,1,1,0,Medium,3,Magnolia,TX,77354,1100.0,200.0,0
375,Ph9Mt34sWLgfIy4d7eUyUg,False,False,1,5.0,chicken_wings,tradamerican,,1,1,0,,0,Magnolia,TX,77354,1100.0,2300.0,0
376,TGq8FuZ2QJTzwVwcG1j-VA,True,False,61,2.0,bars,tradamerican,tex-mex,1,1,0,Medium,3,Magnolia,TX,77354,1100.0,2230.0,0
377,0L53B2vVJH2ymtZW3bwp2w,True,False,103,3.0,pizza,italian,salad,1,1,0,Medium,3,Magnolia,TX,77354,1100.0,2100.0,0
378,AEQctZfbZnE0wyIDdNBE8Q,True,False,21,2.5,hotdogs,burgers,icecream,1,1,0,Low,3,Magnolia,TX,77354,630.0,2200.0,1
379,VM4lQn4qD4cOCd8wmtf6ww,True,False,3,2.5,salad,soup,wraps,0,0,0,,3,Magnolia,TX,77354,1100.0,2100.0,1
380,3SUusuLIRtZePuiIG3EjKQ,True,False,74,3.0,tradamerican,breakfast_brunch,diners,1,1,0,Low,3,Magnolia,TX,77354,0.0,0.0,0
381,hGIrU87As9_YcUPSo61XnA,True,False,35,2.0,delis,sandwiches,catering,1,1,0,,3,Magnolia,TX,77354,1000.0,2030.0,0
382,Bdcoh7FNc4x4Jrk6Gmd4iw,False,False,20,1.5,hotdogs,mexican,,0,0,0,,3,Magnolia,TX,77354,1045.0,2200.0,0
383,nFcsAsgd-eK4ZW1DBCdz9w,True,False,43,2.5,burgers,hotdogs,,0,1,0,Low,3,Magnolia,TX,77354,0.0,0.0,0
384,dOtgvznQth1lDD83axSCUg,True,False,39,2.5,sandwiches,hotdogs,delis,0,0,0,Low,3,Magnolia,TX,77354,1100.0,2200.0,0
385,uDNSldcLabnnuRh_4lq-wA,True,False,47,3.5,hotdogs,chickenshop,salad,0,1,0,Low,3,Magnolia,TX,77354,600.0,2200.0,1
386,vxM63IsrYp5W9C79FOAXKg,True,False,14,2.0,pizza,chicken_wings,hotdogs,1,1,0,Low,3,Magnolia,TX,77354,930.0,2300.0,0
387,irnROPw06MvplT4yQYmDjA,True,False,21,2.5,sandwiches,,,1,1,0,Low,3,Magnolia,TX,77354,800.0,2200.0,0
388,jGDFemU3KXMeyLI321jBBQ,True,False,122,3.5,tacos,,,1,1,0,Medium,3,Magnolia,TX,77354,1100.0,2100.0,0
389,r-ZqFk_DbmMjk8SDTTkJMg,False,False,1,5.0,korean,chickenshop,,0,0,0,,2,Magnolia,TX,77354,1100.0,2000.0,0
390,OnUi-3rJ5bYtgN6Wb3OkUw,False,False,4,5.0,food_court,outdoormovies,,0,0,0,,3,Magnolia,TX,77354,1100.0,2000.0,0
391,08dYCxl3tn8c03rP9_Qchg,False,False,1,4.0,vietnamese,bubbletea,cafes,0,0,0,,3,Magnolia,TX,77354,1100.0,2000.0,0
392,wtCZ0jUx8QWaHo5ODLEwxQ,True,False,46,5.0,foodtrucks,catering,sandwiches,0,0,0,,3,Magnolia,TX,77354,1600.0,2000.0,0
393,aX1AwqwiXm2jeMTfGpSp3g,False,False,5,4.0,foodtrucks,seafood,mediterranean,0,1,0,,3,The Woodlands,TX,77354,,,0
394,h68043-cFUda8dON13pGLw,True,False,51,3.5,salad,mexican,seafood,0,1,0,Medium,3,Magnolia,TX,77354,1100.0,2200.0,0
395,KPaNqGs6LwVFMnfvlRlHoA,True,False,71,4.5,bbq,foodtrucks,,0,1,0,Medium,3,Spring,TX,77354,1100.0,1900.0,0
396,N-MuGlUx4LNPhLcsXsujJg,True,False,31,3.0,sandwiches,juicebars,,1,1,0,,3,Magnolia,TX,77354,700.0,2100.0,0
397,QfNFERXOcQE7LZCx1CgiKQ,False,False,2,5.0,seafood,mexican,cocktailbars,0,0,0,,3,Magnolia,TX,77354,1200.0,2000.0,0
398,SL9Plm1F__KBKmsHgvAC7Q,True,False,33,2.5,chicken_wings,hotdogs,,1,1,0,Low,3,Magnolia,TX,77354,1030.0,2200.0,0
399,b45YcHWOz27EmKxF-BooEg,True,False,19,3.5,bakeries,breakfast_brunch,coffee,0,1,0,,3,Magnolia,TX,77354,600.0,1400.0,1
400,fMjjT_fEn8NiHMGM2uHY3A,True,False,141,4.5,tradamerican,bars,gastropubs,1,1,0,Medium,3,Conroe,TX,77384,1100.0,2200.0,0
401,OQtGRsCgND17dC8fSllUBQ,False,False,1,5.0,creperies,coffee,,0,0,0,,0,Conroe,TX,77384,,,0
402,MOF4W62Lf32pljHO4SciJQ,True,False,127,4.5,pizza,wine_bars,beerbar,0,1,0,Medium,3,Magnolia,TX,77354,1600.0,2100.0,0
403,o4g_pe9uJ-UUPOhyHFfctg,True,False,1,5.0,gourmet,british,,0,1,0,,3,Magnolia,TX,77354,1000.0,1800.0,1
404,Bwabhkn8vjA5nsNldqf2Cg,True,False,78,4.5,desserts,tradamerican,breakfast_brunch,0,1,0,Medium,3,Magnolia,TX,77354,900.0,1400.0,1
405,LSIyOqcrhTwoBEkjvl1ppA,True,False,34,4.0,chicken_wings,beerbar,,1,1,0,,3,Magnolia,TX,77354,1600.0,2030.0,1
406,-6nVhLpX6PsAuQGsd1g2Dg,True,False,1,5.0,hotdogs,foodtrucks,,0,0,0,,3,Magnolia,TX,77354,1600.0,2100.0,0
407,d6B_vfbLWrEcVZCqt437eQ,True,False,8,3.0,pizza,,,1,1,0,,3,Magnolia,TX,77354,1000.0,2300.0,1
408,IXDaWrtvjnrRGs-YN9rUyw,True,False,280,4.0,italian,pizza,cocktailbars,0,1,0,Medium,3,Magnolia,TX,77354,1600.0,2200.0,0
409,Ftc4RK0oO32rcrN3YWLV9Q,True,False,30,4.5,mexican,tex-mex,desserts,0,0,0,Medium,3,The Woodlands,TX,77382,1100.0,2130.0,0
410,JEePdgAwac-AQ614OL6WcQ,True,False,136,4.5,pizza,italian,wine_bars,0,1,0,Medium,3,The Woodlands,TX,77382,1100.0,2100.0,1
411,fb_jiL2Sn-u6vcJ2TNC6kQ,True,False,47,3.5,hotdogs,chickenshop,salad,0,1,0,Low,3,The Woodlands,TX,77382,600.0,2100.0,1
412,RaGy-K7H8BFLMmVp12d0-g,True,False,6,3.5,sandwiches,,,1,1,0,Low,3,The Woodlands,TX,77381,700.0,2200.0,0
413,a-V2G1UQM3sWyhS8tmjSig,True,False,18,2.0,pizza,chicken_wings,hotdogs,1,1,0,Low,3,Spring,TX,77382,930.0,2300.0,0
414,Mvr2Mb6KLMKHOkQLvwrAVA,True,False,1,5.0,cheesesteaks,chicken_wings,hotdogs,1,1,0,,3,Conroe,TX,77384,1000.0,2100.0,1
415,yzzrEF76K24FgDlY5jJeDw,True,False,6,2.5,hotdogs,burgers,coffee,0,1,0,Low,1,The Woodlands,TX,77384,530.0,0.0,0
416,r-Hl5kEznSxsvyTy7E66mQ,True,False,219,4.0,tradamerican,seafood,burgers,1,1,0,Medium,3,Conroe,TX,77384,1100.0,2200.0,0
417,w73y2QCMlqYeueQjvalgxg,True,False,86,3.5,chicken_wings,bars,newamerican,0,1,0,Medium,3,Conroe,TX,77384,1100.0,2100.0,0
418,fPw-TJQP7v0183GPiPnl4g,True,False,17,3.5,hotdogs,sandwiches,,1,1,0,Low,3,Conroe,TX,77384,,,1
419,UB5F6cWc5rHOIpQiV_NpRw,True,False,33,3.0,pizza,arcades,kids_activities,1,1,0,Medium,3,Conroe,TX,77385,1100.0,2100.0,0
420,kZ2P2EqX4m_C-aTNA-VLaQ,True,False,32,2.5,hotdogs,chicken_wings,,1,1,0,Low,3,Conroe,TX,77384,1000.0,2200.0,0
421,xLqiGJcabDOKE6O99XR7Vw,False,False,2,2.5,foodstands,,,0,0,0,,3,Conroe,TX,77385,,,0
422,myjG1Zj2wSNfLewhwEeehA,True,False,108,4.5,mexican,latin,steak,1,0,0,,3,The Woodlands,TX,77382,1100.0,2100.0,1
423,j3l1tkuE3lNW7fl2PC0MCQ,True,False,160,3.5,japanese,thai,chinese,1,1,0,Medium,3,The Woodlands,TX,77382,1130.0,2100.0,0
424,zx1fEVfMiwD_C2Da7VJf5Q,True,False,83,3.0,coffee,breakfast_brunch,tacos,0,1,0,Medium,3,The Woodlands,TX,77382,600.0,1400.0,0
425,FwyFirjM9ePVGPqJyOibig,True,False,12,1.5,hotdogs,burgers,tacos,0,1,0,Low,3,The Woodlands,TX,77382,600.0,0.0,0
426,AJ3yeuRkWpvQ2Ixwdk5xFw,True,False,18,2.5,pizza,chicken_wings,sandwiches,0,0,0,Low,3,Spring,TX,77382,1000.0,0.0,0
427,3h7SHBn6YdXwhY65kSZR6Q,True,False,238,3.5,sushi,chinese,asianfusion,1,1,0,Medium,3,The Woodlands,TX,77384,1100.0,2100.0,0
428,26I0hodFdmzq6GXuBBCjQg,False,False,15,4.5,bubbletea,vietnamese,sandwiches,1,1,0,Low,3,The Woodlands,TX,77384,1000.0,2000.0,0
429,7x0YUtkREIpPKuylZM_xsA,True,False,159,3.0,pizza,italian,,1,1,0,Medium,3,The Woodlands,TX,77384,1100.0,2100.0,0
430,nqRuUpe7YmNlmb9WSUFatw,True,False,47,2.5,chinese,hotdogs,,1,1,0,Medium,3,Conroe,TX,77384,1030.0,2200.0,0
431,NvPSU8FyzjH_6np5_Hw7wg,True,False,62,3.5,hotdogs,chickenshop,salad,0,1,0,Low,3,Conroe,TX,77384,600.0,2200.0,1
432,bnEYCtX4AtEyaZ4VHL9rXA,True,False,8,3.5,sandwiches,hotdogs,delis,0,0,0,Low,3,The Woodlands,TX,77384,1100.0,2100.0,0
433,-yoHAY04lZiKpCUxJgFjBg,True,False,196,4.5,italian,,,1,1,0,Medium,3,The Woodlands,TX,77384,1100.0,2100.0,0
434,fXzYMoHd_92QRLhDM8eD_Q,False,False,156,4.0,chinese,,,0,1,0,Medium,3,The Woodlands,TX,77384,1100.0,2200.0,0
435,v6hk81cx70qUnrnzB728nQ,True,False,52,4.5,sandwiches,southern,chickenshop,0,1,0,,3,The Woodlands,TX,77384,1030.0,2000.0,0
436,S85elQ2oJW8D8eRFsScoPQ,True,False,190,4.0,thai,,,1,1,0,Medium,3,Conroe,TX,77384,1100.0,1400.0,0
437,zlssqYmbE9dYUxJT4_Zr6w,True,False,130,4.0,desserts,breakfast_brunch,cafes,0,1,0,Medium,3,The Woodlands,TX,77384,800.0,1500.0,0
438,01tRW95nHF0hm9ul7lK0QQ,True,False,57,3.0,hotdogs,delis,sandwiches,1,1,0,Medium,3,The Woodlands,TX,77384,1000.0,2100.0,0
439,uJ_IiMWZnAQdVwOwvlZNew,True,False,37,2.0,burgers,hotdogs,,0,1,0,Low,3,Conroe,TX,77384,1000.0,0.0,0
440,bA2ubbjg--a6JSmVem7LPw,True,False,27,3.0,pizza,chicken_wings,sandwiches,0,0,0,Low,3,Conroe,TX,77384,1030.0,0.0,0
441,rn0K9Tshii1Jjvoli-Kqmw,True,False,16,1.5,burgers,hotdogs,,0,1,0,Low,3,The Woodlands,TX,77384,600.0,2300.0,0
442,N8OztMcnl2T7DgWYwHh_Jw,True,False,120,2.0,sandwiches,salad,soup,1,0,0,Medium,3,Conroe,TX,77384,600.0,2130.0,0
443,fqcUd4wRzvoJwGIhzTNbbQ,True,False,30,1.5,mexican,hotdogs,,1,1,0,Low,3,Conroe,TX,77384,1045.0,2200.0,0
444,BjgQYmfZxLQiGVMGxbkR7A,True,False,68,2.5,burgers,hotdogs,,0,1,0,Low,3,The Woodlands,TX,77384,0.0,0.0,0
445,6kP0OzLV52OlYfF73qkfFg,True,False,158,1.5,mexican,,,1,1,0,Low,3,The Woodlands,TX,77380,600.0,2200.0,0
446,0NAgK4HBi4ZkLf9LJ6EZDg,True,False,10,1.5,sandwiches,,,1,1,0,Low,3,The Woodlands,TX,77384,700.0,2200.0,0
447,WoKuSaaQgGkZIsZsPzMpeg,True,False,21,2.0,hotdogs,burgers,icecream,1,1,0,Low,3,The Woodlands,TX,77384,700.0,2200.0,1
448,ezehd_5pbgsFRpfauqT3cA,True,False,39,2.0,hotdogs,mexican,,0,1,0,Low,3,The Woodlands,TX,77384,900.0,100.0,0
449,_P_kulLPjDOLVo9E-NLybw,True,False,58,1.5,pizza,chicken_wings,hotdogs,0,1,0,Low,3,The Woodlands,TX,77384,1100.0,2300.0,0
450,Swjs_-doz8CqLmnbB8GhBQ,True,False,230,4.0,vietnamese,japanese,sushi,0,1,0,Low,3,Conroe,TX,77384,1000.0,2100.0,0
451,9XCbX_EZS7jrmafG4LjwGw,True,False,23,4.5,mexican,,,1,1,0,Low,3,Conroe,TX,77385,900.0,2100.0,0
452,q6FTokfZCVnsmB25NajYMA,True,False,85,4.0,poke,bubbletea,sushi,1,1,0,Medium,3,Conroe,TX,77385,1100.0,2100.0,0
453,PSxxZt28Oy2MRFerBb5IbQ,True,False,97,3.5,mexican,tex-mex,,0,1,0,Medium,3,The Woodlands,TX,77385,1000.0,2200.0,0
454,_fetUHlOT4hnFwaIrPfspg,True,False,53,3.5,chicken_wings,,,0,0,0,Medium,3,Conroe,TX,77385,1030.0,0.0,0
455,2qtHj3377WcBEUXCU_pHmQ,True,False,35,2.0,burgers,hotdogs,coffee,0,1,0,Low,3,Conroe,TX,77385,0.0,0.0,0
456,CuKNC1lJs9Hgwm3MR5FZtw,True,False,82,3.5,sportsbars,tradamerican,,0,1,0,Low,3,Conroe,TX,77385,1600.0,200.0,0
457,g8AyYGBRmHHcgFI59GH8VA,False,False,11,3.5,halal,intlgrocery,,0,0,0,,3,Conroe,TX,77385,,,0
458,0ZahOSiA19N-lHZiqGgJVA,True,False,2,5.0,seafood,,,1,1,0,,3,Conroe,TX,77385,1200.0,2130.0,0
459,JbmN8fPWrvNlXJQrDeixow,False,False,175,4.5,greek,,,1,1,0,Low,3,Conroe,TX,77385,1030.0,1700.0,0
460,SceLiq0RCnw5Lt8XfRkFIw,True,False,43,1.5,hotdogs,burgers,tacos,0,1,0,Low,3,Conroe,TX,77385,0.0,0.0,0
461,JRk5e3Ao4Xq8KB1JfDKy8Q,True,False,160,4.0,mexican,breakfast_brunch,,1,1,0,Medium,3,Conroe,TX,77385,1000.0,2100.0,0
462,gyEQVti8SrETOJRzgYKW6Q,False,False,25,4.0,ramen,sushi,,0,1,0,,3,Conroe,TX,77385,,,0
463,Owjf2AST4GGl0hsYnZmHXg,True,False,18,4.0,pizza,italian,wine_bars,1,1,0,,3,Conroe,TX,77385,1100.0,2100.0,1
464,ixrXh2ZgUDRy7Lk2yXJmQw,True,False,7,3.5,bbq,,,1,1,0,,1,Conroe,TX,77385,1100.0,2100.0,1
465,pzukup9oWkkZ6qjnD0CibQ,True,False,18,3.0,pizza,,,1,1,0,,3,Conroe,TX,77385,1100.0,2300.0,0
466,QS1S06PXrSbfQUyuAHODHw,True,False,7,2.0,hotdogs,mexican,,0,1,0,,3,Conroe,TX,77385,900.0,100.0,0
467,2OVnWLATBUfU4kNc6fOOeQ,True,False,3,2.5,pizza,chicken_wings,hotdogs,1,1,0,,3,Conroe,TX,77385,930.0,2300.0,0
468,6h_iKrEW15XTfw5wvtjSow,True,False,7,2.0,hotdogs,salad,chickenshop,0,1,0,,3,Conroe,TX,77385,600.0,2200.0,0
469,91Xq2UfROPcEic1SQktOjw,True,False,2,2.5,burgers,breakfast_brunch,,0,1,0,,1,Conroe,TX,77385,400.0,2300.0,0
470,lFSJ15XXJA0ViL8RcydYow,True,False,6,3.0,sandwiches,,,1,1,0,,3,Conroe,TX,77385,800.0,2200.0,0
471,18fdZo5KnpOA6sBp11GKRA,False,False,1,5.0,servicestations,convenience,delis,0,0,0,,2,Conroe,TX,77385,,,0
472,Hq9MimG_MI-S1espnNKf0w,True,False,1,5.0,foodtrucks,tradamerican,,0,0,0,,2,The Woodlands,TX,77354,1000.0,1900.0,1
473,5DQNKd4CdXE48b-RZHQKag,True,False,28,5.0,mexican,,,0,1,0,Low,3,Magnolia,TX,77354,600.0,1500.0,1
474,QlQlzWfnMKjBFDXddRg1jw,True,False,164,4.0,japanese,sushi,,1,1,0,Medium,3,The Woodlands,TX,77354,1100.0,2200.0,0
475,B1z3lXMLSm8TWYSS8K0gzw,True,False,189,3.5,tex-mex,mexican,,0,1,0,Medium,3,The Woodlands,TX,77354,1100.0,2115.0,0
476,LwSC3BriusNlrxlx_awlBA,True,False,182,4.5,tea,bakeries,pizza,1,1,0,Medium,3,Magnolia,TX,77354,900.0,1500.0,1
477,L6xp1OGM7wUt3mCZkr5akQ,True,False,8,5.0,juicebars,acaibowls,breakfast_brunch,0,0,0,,3,The Woodlands,TX,77354,900.0,1900.0,1
478,QdWsxqkTWDdOuDb91lvoPg,False,False,1,5.0,italian,,,0,0,0,,2,Spring,TX,77382,,,0
479,twqhlqpIrDFR9tGP0fw8Hg,True,False,242,4.5,vietnamese,,,1,1,0,Medium,3,Shenandoah,TX,77385,1100.0,2100.0,0
480,RYAvCV0vKoRa4kfVJl2z-Q,True,False,32,3.5,cajun,seafood,asianfusion,1,1,0,,3,Shenandoah,TX,77385,1200.0,2200.0,1
481,DH2IPEptGhPbeh7wEB5mxw,True,False,1,5.0,vietnamese,popuprestaurants,,0,0,0,,3,Shenandoah,TX,77385,1200.0,2000.0,1
482,oRn4yZIe7i-OGVKeqM1sYA,True,False,183,3.5,diners,tradamerican,breakfast_brunch,1,1,0,Medium,3,Shenandoah,TX,77385,600.0,2200.0,0
483,PucSXqIzVKrOWTnRZUWCCA,False,False,30,4.0,sushi,japanese,,1,1,0,,3,Shenandoah,TX,77385,,,0
484,TZyxhWEiX0qy9C4PELzQCQ,True,False,6,3.5,burgers,sandwiches,chickenshop,0,1,0,,3,Shenandoah,TX,77385,1100.0,2000.0,1
485,YEUun0M8yMYRFHqRBW2nHA,True,False,332,3.5,mexican,tex-mex,bars,0,1,0,Medium,3,Shenandoah,TX,77385,1100.0,2100.0,0
486,-tGMsBg3Q2qmRVrQA0FQhg,True,False,33,3.0,arcades,bars,tradamerican,1,1,0,High,3,Shenandoah,TX,77385,1100.0,0.0,0
487,xNMmLCk0mkEQUiD2rVpydg,True,False,3,3.5,foodstands,hotdog,,0,0,0,,3,Conroe,TX,77385,,,0
488,O4p1gp7ywsCaMxw_jgO34A,True,False,131,4.0,tradamerican,seafood,burgers,0,1,0,Medium,3,Meridian,ID,83646,1100.0,2100.0,0
489,3GfRnrzvwac11XozXE9mzg,True,False,276,4.0,pizza,sandwiches,,0,1,1,Medium,3,Meridian,ID,83646,1130.0,2100.0,1
490,5KTQ_OfaVRAl4BC13rxE3Q,True,False,37,4.0,japanese,gluten_free,asianfusion,1,1,0,,3,Meridian,ID,83646,1100.0,2100.0,1
491,6dVaWHvm8YEw11eHgDH2eQ,True,False,194,4.0,korean,bbq,,1,1,0,Low,3,Meridian,ID,83646,1100.0,2100.0,1
492,Qmxqc_JtDSVscrjh2rdesw,True,False,111,4.0,burgers,cheesesteaks,sandwiches,0,1,0,,3,Meridian,ID,83646,1030.0,2000.0,1
493,qAG9yKj4PYonW63ZdEa0uA,True,False,31,2.5,burgers,hotdogs,gluten_free,0,1,0,,3,Meridian,ID,83646,1100.0,2000.0,0
494,YJJHFq1_CQnCm_oXcO23Ag,True,False,27,3.5,bakeries,sandwiches,,1,1,0,,3,Eagle,ID,83616,700.0,2000.0,0
495,lQfoxruhjhFQnJLOmILNAw,True,False,52,3.5,mexican,hotdogs,,1,1,0,Low,3,Eagle,ID,83616,1030.0,2100.0,0
496,Nvidc0_2sYA5ZHrLmXs_0A,True,False,45,3.0,salad,hotdogs,pizza,1,1,0,Low,3,Eagle,ID,83616,1030.0,2100.0,0
497,PSy-g99cUhi0FRyTKmPRQg,True,False,60,1.5,mexican,hotdogs,,0,1,0,Low,3,Eagle,ID,83616,700.0,100.0,0
498,DJTl3NU940ufiF6gxJR5pQ,False,False,14,2.0,mexican,hotdogs,desserts,1,1,0,,3,Meridian,ID,83646,600.0,0.0,0
499,66pIa8VXmTQIHkMxMv_f0w,True,False,29,2.0,hotdogs,burgers,coffee,0,1,0,Low,3,Eagle,ID,83646,500.0,2300.0,0
500,E1GEVyZCCdmT2zyp4vx2wA,True,False,10,2.0,sandwiches,,,1,1,0,Low,3,Meridian,ID,83646,800.0,2100.0,0
501,EZPoTcVz4QI8F0hEnDCNvw,True,False,53,4.0,salad,mexican,,0,1,0,Medium,3,Eagle,ID,83616,930.0,2100.0,1
502,1He0-3kVfTvNUrHKGAGQXQ,True,False,98,3.5,pizza,,,0,1,0,Medium,3,Eagle,ID,83616,1100.0,2100.0,0
503,FeoYQlhFe1l25mlxjO8Nxg,True,False,99,3.5,salad,wraps,cafes,1,1,0,,3,Eagle,ID,83616,1000.0,2000.0,0
504,tsAFZdq3sSMwweieMXnhpQ,True,False,34,4.5,juicebars,acaibowls,vegan,0,0,0,,3,Eagle,ID,83616,900.0,2000.0,1
505,dl1QHd3dx_iMB0nz3P0rEg,False,False,45,3.0,mexican,,,0,1,0,Medium,3,Eagle,ID,83616,,,0
506,bL_Ijs_ZmRryGH-l6zgPTA,True,False,19,3.5,foodtrucks,fishnchips,,0,0,0,,3,Dickinson,ND,58601,1100.0,1900.0,1
507,C4Tb9k29pPwUWQ-42Y3SMA,True,False,23,2.0,burgers,hotdogs,tacos,0,1,0,Low,3,Boise,ID,83713,600.0,0.0,0
508,D6_CwyzXFJsBTaKgw8GqYg,True,False,273,4.5,bars,tradamerican,,0,1,0,Medium,3,Eagle,ID,83616,1100.0,2100.0,0
509,SybWgZ_qUaUmlmB97_Ia2A,True,False,103,3.0,sushi,,,1,1,0,Medium,3,Eagle,ID,83616,1100.0,2100.0,0
510,Bc78MEmBdRu6x7OICYdW4Q,True,False,31,2.0,hotdogs,chicken_wings,chickenshop,1,1,0,Low,3,Boise,ID,83713,1030.0,2100.0,0
511,jNaXQvyklAU1bHXPxeInfw,True,False,9,2.0,hotdogs,burgers,hotdog,0,1,0,Low,3,Boise,ID,83713,1000.0,2200.0,1
512,KblHsI7JwwCDPZYF3inOlQ,True,False,11,2.5,burgers,hotdogs,,0,1,0,Low,3,Boise,ID,83713,600.0,2200.0,0
513,3P1WpJpWHnutn4eFTleXFg,False,False,1,5.0,burgers,,,1,1,0,,1,Meridian,ID,83646,600.0,0.0,0
514,s8sX6nvG47fgGCmeXgkggw,True,False,11,3.5,mexican,,,0,1,0,,3,Meridian,ID,83646,1030.0,2200.0,0
515,ex5g5kpbMWaEJ1Yr6qgw5w,True,False,258,3.5,bars,tradamerican,sandwiches,1,1,0,Medium,3,Meridian,ID,83646,1100.0,2200.0,0
516,ECr_C7TxcTpfZDHKNkwKRw,False,False,33,3.5,mexican,,,1,1,0,,3,Meridian,ID,83646,,,0
517,4MlQduSbLMfeLQ0_utYOFA,True,False,40,4.0,delis,sandwiches,,0,1,0,Medium,3,Meridian,ID,83646,1000.0,1900.0,1
518,aOVQwBvMORg2lgmQPnDzDg,True,False,2,3.0,burgers,hotdogs,,0,1,0,,0,Meridian,ID,83646,,,0
519,JMczMvfpoCnhyjL523dONg,True,False,60,4.5,thai,salad,noodles,1,1,0,,3,Boise,ID,83713,1100.0,2100.0,0
520,qCojkwO9wJX7alM-x-DJcA,True,False,36,4.0,sandwiches,cocktailbars,,0,1,0,Medium,3,Boise,ID,83713,1100.0,2300.0,0
521,-SGvS9V0Yc5Ler2HrgtYJw,False,False,69,3.0,restaurants,,,0,1,0,Medium,3,Boise,ID,83713,,,0
522,K4I8PyxqI57ABlV_rn8PEQ,False,False,121,4.0,pizza,,,0,1,0,Low,3,Boise,ID,83713,1100.0,2100.0,0
523,oIsqZJPVOc53GUiUgQUvsg,True,False,26,3.5,mexican,,,0,1,0,Low,3,Boise,ID,83713,1100.0,2000.0,1
524,Q_9SKtWC_nrYXF1ZKW1zPg,True,False,11,4.0,sandwiches,hotdogs,delis,0,0,0,Low,3,Boise,ID,83713,1100.0,2100.0,0
525,nxprsbLCop8GD-koWfKcbw,True,False,2,5.0,sandwiches,,,1,1,0,,3,Meridian,ID,83646,800.0,2100.0,0
526,_y2tYgFNLM7HR7fYylDcBw,True,False,118,4.5,pizza,,,0,1,0,,3,Meridian,ID,83646,1100.0,2100.0,1
527,bzVwiA7BBkJ7H9yvONpemg,True,False,29,4.0,greek,mediterranean,sandwiches,1,1,0,,3,Meridian,ID,83646,1030.0,2100.0,1
528,c9Toxujofd1JvFySG-t_MA,True,False,57,1.5,hotdogs,burgers,icecream,0,0,0,Low,3,Meridian,ID,83646,700.0,2300.0,1
529,bvoLMzf4rlXVp9nJ_3nxGQ,True,False,11,4.5,sandwiches,foodtrucks,,0,0,0,,3,Meridian,ID,83646,1000.0,1900.0,1
530,8E5utZr7kJtPaQCOpbnUGQ,True,False,1,4.0,pizza,,,1,1,0,,3,Meridian,ID,83646,1100.0,2300.0,1
531,Ro2A9WgVEyzbYvp-doAE8w,True,False,45,2.0,chinese,hotdogs,,1,1,0,Medium,3,Meridian,ID,83646,1000.0,2200.0,0
532,5Gn3j2rIv8rtih5HZiRbaQ,True,False,10,4.5,foodtrucks,fishnchips,,0,0,0,Medium,3,Nampa,ID,83646,1100.0,1400.0,1
533,ZsTSoeIAfo84Q3HCniTlgw,True,False,6,4.5,creperies,foodtrucks,catering,0,0,0,,3,Meridian,ID,83646,,,1
534,GV50rl_ahHaZCuTCd4o1Cg,True,False,410,4.0,italian,bars,,0,1,0,Medium,3,Meridian,ID,83646,1100.0,2130.0,0
535,u5HLiu_HxBuPk7i0rV-rEw,True,False,134,3.5,breakfast_brunch,juicebars,burgers,1,1,0,Medium,3,Meridian,ID,83646,700.0,1500.0,0
536,twVsqGY35HPEnEflStthFw,True,False,75,3.5,sportsbars,pubs,tradamerican,0,1,0,Medium,3,Meridian,ID,83646,1100.0,2200.0,0
537,I3rPsEZDxzh3bDZk2Lupyg,True,False,62,3.0,breakfast_brunch,tex-mex,wraps,1,1,0,,3,Meridian,ID,83646,800.0,2100.0,1
538,7dS75v4eNEZwk2NSe9ZPRQ,True,False,12,3.0,pizza,,,0,1,0,,1,Meridian,ID,83646,,,1
539,2TTvHTRzOeRPtCfCV80N0A,True,False,63,4.5,italian,,,0,0,0,,3,Meridian,ID,83646,1400.0,2000.0,0
540,j_6LvHUJlu-wI5bJUDgMtA,True,False,171,3.5,tacos,,,0,1,0,Low,3,Meridian,ID,83646,630.0,2100.0,0
541,0xqJHSZLQGj0L3VGrh80ng,True,False,35,4.0,delis,,,1,1,0,,3,Meridian,ID,83646,600.0,2100.0,1
542,tExeZMS1okUFX5yttstYvg,True,False,28,3.5,tradamerican,breakfast_brunch,diners,0,1,0,,3,Meridian,ID,83646,700.0,1430.0,1
543,2VzbT8h9cct4UZdYMQlgrA,True,False,11,4.5,bagels,delis,hotdog,0,0,0,,3,Meridian,ID,83646,600.0,2100.0,1
544,yZkxrcoh0vE4-HCeRG47Zw,True,False,91,4.0,hotdogs,waffles,breakfast_brunch,1,1,0,,3,Meridian,ID,83646,800.0,2000.0,1
545,LqbDCUao2NUlTuq_GIyyWg,True,False,119,3.0,hotdogs,icecream,burgers,1,1,0,Medium,3,Meridian,ID,83646,1100.0,2100.0,1
546,HktF2wHIjY7KdxQlLHSy-g,False,False,15,3.5,hotdogs,,,0,1,0,,3,Meridian,ID,83646,,,0
547,vZp4m4jinDVR9q-o6a-Bag,True,False,38,2.5,hotdogs,delis,sandwiches,1,1,0,,3,Meridian,ID,83646,1000.0,2100.0,0
548,IUlY_doA5B-EQzvrwyqzIA,True,False,21,2.5,hotdogs,icecream,burgers,0,1,0,Low,3,Meridian,ID,83646,1030.0,2000.0,1
549,aLrjduGOiGjYQ9UxBULZhg,True,False,33,4.5,pizza,italian,sportsbars,0,0,0,,3,Meridian,ID,83646,1130.0,2100.0,1
550,WfM55XiAUNEqr_tjMZTUHw,True,False,3,4.0,servicestations,convenience,hotdogs,0,0,0,,3,Meridian,ID,83646,0.0,0.0,1
551,rch4DnNkRSmxGiMivXRbbQ,True,False,10,3.5,pizza,,,0,1,0,Medium,2,Boise,ID,83713,1100.0,2100.0,0
552,G77XgkojEyK19X7LHiqklA,True,False,75,5.0,korean,bbq,asianfusion,1,1,0,,3,Boise,ID,83713,1130.0,1430.0,1
553,yAcvEoMj064CYIXGF6FS0w,True,False,10,3.5,sandwiches,,,1,1,0,Low,3,Boise,ID,83713,800.0,2100.0,0
554,OLNr2Tp_vU2U0CX2VGSScQ,True,False,304,4.0,japanese,cocktailbars,,1,1,0,Medium,3,Meridian,ID,83646,1100.0,2200.0,0
555,X4beVgr35rKnQAx4xD_d9g,True,False,42,4.0,sandwiches,salad,wraps,1,1,0,,3,Meridian,ID,83646,700.0,2000.0,1
556,ncyt6jLL3iAICPRGFe7Ihw,True,False,656,4.0,breakfast_brunch,,,0,1,0,Medium,3,Meridian,ID,83646,700.0,1400.0,0
557,FpyjR9TiaO3JyynpF-y-7g,True,False,142,3.5,chicken_wings,tradamerican,beerbar,1,1,0,Medium,3,Meridian,ID,83646,1100.0,2300.0,0
558,-wDFSijpAhNAuKXnp6q_-A,True,False,49,1.5,mexican,hotdogs,,0,1,0,Low,3,Boise,ID,83713,700.0,100.0,0
559,r4khXlq-NMDxdEwG2KKfvg,True,False,154,4.0,chinese,,,0,1,0,Medium,3,Meridian,ID,83646,1100.0,2100.0,0
560,Ev9DuxAGsWvHNbYYken0Rw,True,False,5,2.5,convenience,servicestations,hotdogs,0,0,0,Medium,3,Meridian,ID,83646,0.0,0.0,1
561,59Ahyrp7pgI4tZsk1vNFSQ,True,False,12,2.5,pizza,chicken_wings,hotdogs,1,1,0,Low,3,Meridian,ID,83646,1000.0,0.0,0
562,EMzQIuFn8XWVgYbuoR4JDA,True,False,30,3.5,pizza,,,0,1,0,Medium,3,Meridian,ID,83646,1100.0,2100.0,0
563,j92DNzG7Io113coMzYsTsw,True,False,107,4.5,ramen,,,1,1,0,Medium,3,Meridian,ID,83642,1100.0,2100.0,0
564,ueszJy1NhIhqpuXuzMHqvw,True,False,124,4.5,newamerican,steak,breakfast_brunch,0,1,0,,3,Meridian,ID,83646,1130.0,2030.0,1
565,peomsQ8wq84wK1j2RjZnjQ,True,False,215,4.5,mexican,,,0,1,0,Medium,3,Meridian,ID,83646,1100.0,2030.0,0
566,udPujlot5Djc3pXL_nH3BA,False,False,20,2.5,dimsum,,,1,1,0,,3,Meridian,ID,83646,,,0
567,NUe39dKrCF8M6jGmP5manA,True,False,113,4.0,poke,hawaiian,,0,1,0,Medium,3,Meridian,ID,83646,1100.0,2100.0,1
568,nhg_zLcgsI307_BdkPP7MQ,True,False,37,3.5,pizza,chicken_wings,sandwiches,1,1,0,Medium,3,Meridian,ID,83646,1100.0,2100.0,1
569,j3J1E4klkbnqIiO1mRkEdw,True,False,30,5.0,bakeries,bagels,breakfast_brunch,1,1,0,Low,3,Meridian,ID,83646,700.0,1400.0,1
570,kgeiJzWSiXPnf-3wx7LHIQ,True,False,88,3.0,salad,soup,sandwiches,1,1,0,Low,3,Meridian,ID,83646,700.0,2000.0,0
571,gy3XoTsWd-DzQrr6moWi_g,True,False,65,3.5,tradamerican,seafood,steak,1,1,0,Medium,3,Meridian,ID,83646,1100.0,2100.0,1
572,7le24MfSrFw-REhE5r5a-w,True,False,103,3.5,mexican,hotdogs,,1,1,0,Low,3,Meridian,ID,83642,1030.0,2100.0,0
573,P_q1gFazkOlJgrW0-JLXnA,True,False,83,2.5,chicken_wings,,,0,1,0,Low,3,Meridian,ID,83646,1100.0,2200.0,0
574,6iU5g238EGFa9wBwuixIWg,True,False,115,2.5,tex-mex,tradamerican,bars,1,1,0,Medium,3,Meridian,ID,83646,1100.0,2200.0,0
575,TzgPHuqYMaU2hafYkJDRgQ,True,False,17,2.5,hotdogs,burgers,coffee,0,1,0,Low,3,Meridian,ID,83646,0.0,0.0,0
576,TqW5jF0n3wEm8B2WeR8-Fw,True,False,32,3.0,mexican,hotdogs,,0,0,0,Low,3,Meridian,ID,83646,1030.0,2000.0,0
577,NkKci3ZJsRqHYvgwxwjtmA,True,False,78,3.5,burgers,hotdogs,,0,1,0,Medium,3,Meridian,ID,83646,1100.0,2200.0,0
578,ix9asbNyNtvykHR6Yx2Y1g,True,False,48,3.5,hotdogs,sandwiches,delis,1,1,0,Low,3,Meridian,ID,83646,1030.0,2100.0,0
579,0OE56zbigcNxVeJPmqtV0w,True,False,43,3.0,sandwiches,delis,hotdogs,0,0,0,Low,3,Meridian,ID,83646,1100.0,2100.0,0
580,sLgnx_WFCjEoPsS6NwU70Q,True,False,290,4.0,breakfast_brunch,sandwiches,newamerican,1,1,0,Medium,3,Meridian,ID,83646,700.0,1400.0,0
581,Ur01981F9KUSjc_XqN8QJw,True,False,110,3.5,icecream,burgers,hotdogs,0,0,0,Low,3,Meridian,ID,83646,1000.0,2200.0,1
582,8DzXCgXNQ15NSpic4Dqb_w,False,False,1,4.0,bars,tradamerican,,0,0,0,,1,Meridian,ID,83646,,,0
583,_eQA_RCQjBWQYvAR01gIng,True,False,60,4.5,donuts,coffee,breakfast_brunch,1,1,0,Low,3,Meridian,ID,83646,700.0,1500.0,1
584,eUXaJEUbOWh2FThTD2xj7A,True,False,176,3.5,burgers,salad,sandwiches,0,1,0,Low,3,Meridian,ID,83646,1030.0,2100.0,1
585,YlZ2IgW3f2pLqBKqIJl8SA,True,False,198,4.0,pizza,salad,hotdogs,1,1,0,Low,3,Meridian,ID,83646,1030.0,2100.0,0
586,yOyV2y2CNj4t1NM4-2cN6Q,True,False,103,2.0,buffets,chinese,venues,1,1,0,Medium,3,Meridian,ID,83646,1600.0,2100.0,0
587,vtYjO_RZjSZWbwwN-AgqGg,True,False,93,3.0,noodles,salad,pastashops,1,1,0,Low,3,Meridian,ID,83646,1030.0,2100.0,0
588,bl1iirh_xT3KEUOVwi4e4g,True,False,146,3.0,salad,soup,sandwiches,1,1,0,Low,3,Meridian,ID,83646,1100.0,2100.0,0
589,iAP8eZ847uCHLS-r81jUFg,True,False,153,2.0,mexican,hotdogs,,1,1,0,Low,3,Meridian,ID,83646,1045.0,2200.0,0
590,pPAhZTrQN8X6Thh-5pi0UA,True,False,7,4.0,servicestations,convenience,hotdogs,0,0,0,Low,3,Boise,ID,83713,0.0,0.0,1
591,dB0h6ULGQiFuhE2G3zh-uQ,True,False,20,2.0,burgers,hotdogs,coffee,0,1,0,Low,3,Meridian,ID,83642,500.0,0.0,0
592,w5AcVKH3L5rvvJeZrY1dbQ,True,False,16,2.5,pizza,,,0,1,0,Medium,2,Meridian,ID,83642,1000.0,2000.0,1
593,HzK9XhAYOCgy7OQ2csxDfw,True,False,182,4.0,tradamerican,,,1,1,0,Medium,3,Meridian,ID,83642,1100.0,2100.0,0
594,wjfMz__91zzbMvuArE6dwA,True,False,228,4.0,bbq,burgers,beerbar,1,1,0,Medium,3,Meridian,ID,83642,1100.0,2100.0,1
595,8yV7Mnnr8YtiYNjDwLXt0g,True,False,45,2.5,pizza,salad,sandwiches,0,1,0,Medium,3,Meridian,ID,83642,1100.0,2200.0,0
596,UhSqn0N0bkra3leQ5Tt2Vw,True,False,35,2.5,pizza,chicken_wings,sandwiches,0,0,0,Low,3,Meridian,ID,83642,1030.0,100.0,0
597,oMEApPMBkVA4GGC2vI_cMg,True,False,2,3.0,convenience,servicestations,hotdogs,0,0,0,,3,Meridian,ID,83642,500.0,2200.0,1
598,HY-MXAqblxgRPkxfyhi_ig,True,False,466,4.5,tradamerican,seafood,steak,0,1,0,Medium,3,Meridian,ID,83646,1100.0,2100.0,0
599,Y1u1JA8PS7abTl3btO3BGQ,True,False,100,4.5,empanadas,argentine,,0,0,0,Low,3,Meridian,ID,83642,1100.0,1900.0,1
600,vdvtDVlK6RKoZywoPOE-Ag,True,False,63,4.5,vietnamese,,,0,0,0,,3,Meridian,ID,83642,1100.0,2100.0,1
601,pOhfM0OlLdG-XcKaGk-LYg,True,False,154,4.0,burgers,salad,hotdogs,0,1,0,Low,3,Meridian,ID,83642,1100.0,2000.0,0
602,-dSJmP8UtK8X3K5QWgtW8w,False,False,79,3.5,mexican,,,1,1,0,Medium,3,Meridian,ID,83642,1100.0,2130.0,0
603,5-W8khNMW8e4hR2ul1s8ew,True,False,46,4.0,pizza,,,1,1,0,Low,3,Meridian,ID,83642,1030.0,2100.0,0
604,f-idTk9lhN_c9IqvvZ4fBA,True,False,13,3.5,salad,sandwiches,wraps,0,1,0,,3,Meridian,ID,83642,700.0,2100.0,1
605,EhypF8VPpIbLvt0JLx0Qew,True,False,30,2.0,hotdogs,burgers,tacos,0,1,0,Low,3,Meridian,ID,83642,600.0,2200.0,0
606,gzk58qPan6T-rrwLaHSnXQ,False,False,12,2.5,pizza,,,0,0,0,Low,3,Meridian,ID,83642,1100.0,2200.0,0
607,jYnrh5za3Soj3YD65-4IPQ,True,False,3,2.5,sandwiches,,,1,1,0,Low,3,Meridian,ID,83642,900.0,2100.0,0
608,_b49cQ3_GPRRxP_uJUezcw,True,False,4,5.0,chicken_wings,chickenshop,korean,0,0,0,,3,Meridian,ID,83642,1100.0,1500.0,1
609,a3qqjPMHg9RJ79OrAGg5iQ,False,False,2,5.0,chicken_wings,korean,,0,0,0,,1,Meridian,ID,83642,,,0
610,h7IFzCOJSQufQ0Hf1lVV5A,False,False,18,4.0,grocery,delis,,0,0,0,,3,Meridian,ID,83642,,,0
611,UtuHQs60cgEdApzfAe4QIQ,True,False,50,4.0,mediterranean,greek,sandwiches,1,1,0,Medium,3,Meridian,ID,83642,1030.0,2100.0,1
612,KS7MhGS7r0Riim7Woibvug,True,False,59,4.0,delis,,,0,1,0,Medium,3,Meridian,ID,83642,900.0,1600.0,0
613,wZhGuW7vQpfhxeEvLHkTrA,True,False,134,4.5,breakfast_brunch,,,0,1,0,Low,3,Meridian,ID,83642,630.0,1400.0,0
614,csswkEg0FxRKnNIp3Y_VNg,True,False,127,3.5,pizza,italian,,0,1,0,Medium,3,Meridian,ID,83642,1100.0,2200.0,0
615,7Hc85OE2CF1Hs1cWVy_meA,False,False,79,3.0,mexican,,,0,1,0,Medium,3,Meridian,ID,83642,,,0
616,1_qR_k-LKvVWVaesFRglRg,True,False,112,3.5,pizza,desserts,sandwiches,0,1,0,Medium,3,Meridian,ID,83642,1100.0,2200.0,1
617,FORQKw62kgJl_r7VRn6lRA,False,False,39,3.0,chinese,,,0,1,0,Medium,3,Meridian,ID,83642,,,0
618,9bAYdUprc7jSNv_zY5C6cA,True,False,17,2.0,burgers,hotdogs,,0,1,0,Low,3,Meridian,ID,83642,600.0,0.0,0
619,rVahwJZKYOGPt2lWxJjDPQ,True,False,110,4.5,empanadas,beer_and_wine,argentine,1,1,0,,3,Meridian,ID,83642,1100.0,1900.0,0
620,l7DcigtFMYMYnGqcBzMJqQ,True,False,146,4.5,japanese,sushi,,0,1,0,Medium,3,Meridian,ID,83642,1100.0,2200.0,0
621,uSWRsoxYkvryKttOHZHDiw,True,False,72,3.5,icecream,burgers,tradamerican,1,1,0,Low,3,Meridian,ID,83642,1100.0,2000.0,1
622,0byJdiGrOeJhMunRqdu8Ww,True,False,1,5.0,servicestations,convenience,hotdogs,0,0,0,,3,Meridian,ID,83642,0.0,0.0,0
623,hNoFfe03_CcY5mn6-MVkgg,True,False,7,3.5,pizza,,,0,1,0,Low,3,Meridian,ID,83642,1100.0,2000.0,0
624,CMiTXglTH36Z1Crwpf8nNQ,True,False,23,2.0,hotdogs,burgers,coffee,0,1,0,Low,3,Meridian,ID,83642,530.0,2300.0,0
625,12z0DrypQ4iYl1G4k9bsbg,True,False,1,3.0,pizza,,,0,0,0,,0,Meridian,ID,83642,,,0
626,tYAHogxI44JV3U6lyuT58Q,True,False,295,4.0,thai,,,1,1,0,Medium,1,Meridian,ID,83642,1100.0,2100.0,0
627,xmKMkJwP1k1SSzFfE4VBCw,True,False,101,4.5,breakfast_brunch,tradamerican,,0,1,0,Medium,3,Meridian,ID,83642,630.0,1430.0,0
628,hjts5I-AFBjhNIeJuyU8ZQ,True,False,183,3.5,pizza,italian,,0,1,0,Medium,3,Meridian,ID,83642,1100.0,2100.0,0
629,e-kmlwJ-CDSiZCLBBKzUHA,True,False,17,4.0,cafes,sportsbars,poolhalls,0,1,0,Medium,3,Meridian,ID,83642,1100.0,2300.0,0
630,t0gOTkEruDBQVzdcv1FNTg,True,False,46,3.5,asianfusion,japanese,chinese,1,1,0,Low,3,Meridian,ID,83642,1100.0,2030.0,1
631,jC1MRLHKgQNCs0uFsZaEgQ,True,False,39,2.0,hotdogs,burgers,icecream,1,1,0,Low,3,Meridian,ID,83642,700.0,2300.0,1
632,XCQzDQQUquV0qMvoF3tkoQ,True,False,5,1.5,sandwiches,,,1,1,0,Low,3,Meridian,ID,83642,900.0,2200.0,0
633,IPT9uTu4g6OKnR0cb8D9BQ,True,False,2,2.0,pizza,chicken_wings,hotdogs,1,1,0,,3,Meridian,ID,83642,1030.0,2300.0,0
634,G2Wak-HmQ2oDPxkzVP7MRA,True,False,36,4.5,mediterranean,salad,sandwiches,0,0,0,Medium,3,Meridian,ID,83646,1100.0,2100.0,1
635,ifMu8oaLD0_Roi7r8G4x9w,True,False,387,4.0,seafood,,,1,1,0,Medium,3,Meridian,ID,83642,1100.0,2100.0,1
636,KsoxCxPJvHqXnCyGKDhKxQ,True,False,186,4.0,thai,,,0,1,0,Medium,3,Meridian,ID,83642,1130.0,1500.0,0
637,ym8OZtQKkXC2SOjJKew5Tw,True,False,259,3.5,seafood,cajun,sandwiches,1,1,0,Medium,3,Meridian,ID,83642,1100.0,2200.0,0
638,ovlSok1TIaTU8PcgMs901w,True,False,17,4.0,korean,bbq,,1,1,0,,3,Meridian,ID,83646,1100.0,2100.0,1
639,UasJAUd6M4An8teJipPQ_A,True,False,59,3.5,mexican,cocktailbars,,1,1,0,Medium,3,Meridian,ID,83642,1100.0,2100.0,1
640,7lwODdwU_-KaTRAyyXG29w,True,False,10,4.0,mexican,,,0,1,0,,3,Meridian,ID,83646,1030.0,2200.0,0
641,5-F3GQv6WHkHZPqyi1l-RQ,True,False,52,2.0,chinese,,,0,1,0,Medium,3,Meridian,ID,83642,,,0
642,kaW2bkexSC1e1Ayy5qDL1g,True,False,96,4.0,hotdogs,chickenshop,salad,0,0,0,Low,3,Meridian,ID,83646,630.0,2200.0,0
643,Dnlg9XT7FlruWq7B-V88Cw,True,False,192,2.5,burgers,tradamerican,,1,1,0,Medium,3,Meridian,ID,83642,1100.0,2200.0,0
644,SEhjPzGeTuPRLypIkOu4fg,True,False,31,4.0,chickenshop,burgers,sandwiches,0,0,0,,3,Meridian,ID,83646,1100.0,2100.0,0
645,-l3G5kG-LuiKe6Eqy3KKZw,True,False,256,4.0,burgers,newamerican,breweries,0,1,0,Medium,3,Meridian,ID,83646,1600.0,2000.0,0
646,s0jcuex44ULcMRtzC9-RUQ,True,False,540,3.5,newamerican,vegetarian,bars,1,1,0,Medium,3,Meridian,ID,83646,1100.0,2330.0,0
647,VKREBLY5CXeok2a0Z-xvCA,True,False,72,4.0,asianfusion,,,0,1,0,Medium,3,Meridian,ID,83646,1100.0,2000.0,1
648,o3zL4kvolP3CCAMf9lGE6g,True,False,246,3.5,cocktailbars,mexican,,1,1,0,Medium,3,Meridian,ID,83646,1100.0,2300.0,1
649,BvRJCEqexcpYjNTB-C388A,True,False,626,3.5,sushi,newamerican,,1,1,0,Medium,3,Meridian,ID,83646,1100.0,2300.0,0
650,2QdJ5-7mD5FgMBsu5u-56w,True,False,112,3.5,steak,brazilian,venues,0,1,0,High,3,Meridian,ID,83646,1700.0,2030.0,0
651,Nk2Yip4Z3k1KWrql09VUqQ,True,False,99,3.5,wine_bars,italian,tapasmallplates,1,1,0,Medium,3,Meridian,ID,83642,1100.0,2200.0,0
652,5VR7HFaGtdTPYZd7nJPd8w,True,False,235,3.5,newamerican,bars,,1,1,0,Medium,3,Meridian,ID,83646,1100.0,2200.0,0
653,z-G-WVOJoY8QVNfATkMxGw,True,False,277,3.5,pizza,desserts,beer_and_wine,1,1,0,Medium,3,Meridian,ID,83646,1100.0,2100.0,1
654,DxxGibaGyE5uahOKCadOqw,True,False,87,3.5,bbq,smokehouse,,0,1,0,Medium,3,Meridian,ID,83642,1100.0,2100.0,0
655,47v8tz1tHLZJ0h5tTskC4g,True,False,122,3.5,mexican,,,0,1,0,Low,3,Meridian,ID,83646,1100.0,2000.0,0
656,XBX3H8PuV_wsf5HtXH6lWg,True,False,45,4.5,icecream,desserts,waffles,1,1,0,,3,Meridian,ID,83646,1100.0,2100.0,0
657,dXTXpAK6IpeR8PLFY7D-AQ,True,False,324,4.0,steak,bbq,tradamerican,0,0,0,Medium,3,Meridian,ID,83642,1500.0,2200.0,0
658,uRKNO9OXofgjDaakh_5eBg,True,False,29,4.0,sushi,poke,hawaiian,1,1,0,,3,Meridian,ID,83646,1100.0,1700.0,1
659,tHPZgqtmvsrvFwPVKL8Ssw,True,False,244,2.5,tradamerican,arcades,sportsbars,1,1,0,Medium,3,Meridian,ID,83642,1500.0,2200.0,0
660,-dsxu0V5X7OD17i8HcQovg,True,False,90,4.0,bakeries,vegan,desserts,1,1,0,Low,3,Meridian,ID,83646,1000.0,2100.0,1
661,uH2tF2QIM8AbQKcZUZ0cIQ,True,False,4,3.0,comfortfood,bbq,tradamerican,0,1,0,,3,Meridian,ID,83642,1100.0,2100.0,0
662,EUjqIw0cCJuNfgwJEdoQOQ,True,False,132,2.5,italian,pizza,wine_bars,0,1,0,Medium,3,Meridian,ID,83642,1100.0,2100.0,0
663,p7xYhOyY5JSEVqrbNT4pCA,True,False,66,2.5,tradamerican,sportsbars,burgers,1,1,0,Medium,3,Meridian,ID,83642,1100.0,0.0,0
664,EZuIzN2oAdZt-dkbdwH0pw,True,False,257,4.0,tradamerican,breweries,salad,0,1,0,Medium,3,Boise,ID,83713,1100.0,2100.0,0
665,iZedtF9CGBYCDdxF6QAZCQ,True,False,61,4.5,bakeries,sandwiches,cafes,1,1,0,Low,3,Boise,ID,83713,700.0,1800.0,0
666,eTTssCbD8nmU4sc4M5gqPw,True,False,247,4.0,gastropubs,breakfast_brunch,burgers,0,1,1,Medium,3,Meridian,ID,83642,1100.0,2100.0,1
667,M5-4JXrZOrhPeQD3cRINLA,True,False,21,5.0,newamerican,wine_bars,,0,0,0,,3,Meridian,ID,83642,1530.0,2100.0,1
668,9qOhDtUP5OMk2w-CHQxcTw,True,False,357,4.5,basque,,,0,1,0,High,3,Meridian,ID,83642,1700.0,2000.0,0
669,ImeZuwzKRrRGh8VMXOENYQ,True,False,36,4.5,sportsbars,burgers,,0,1,0,Medium,3,Meridian,ID,83642,1100.0,2300.0,0
670,VgsbZSm5NRaDg2ds_FDBrg,True,False,137,4.0,coffee,breakfast_brunch,wine_bars,1,1,0,Medium,3,Meridian,ID,83642,700.0,1500.0,1
671,aYE7V8hH1Ujn8e8U-HNOvA,False,False,3,4.5,foodtrucks,mexican,,0,0,0,,3,Boise,ID,83702,,,0
672,q2oqvtmGU8drXy5dLft5Ug,False,False,6,5.0,pizza,,,0,0,0,,3,Meridian,ID,83642,,,0
673,h_e_ZrkJa6FlZhZQ4qVhAw,True,False,1,3.0,tradamerican,breakfast_brunch,sandwiches,0,0,0,,3,Meridian,ID,83642,,,0
674,3mCBgVW0MPz_M3UKyoCNhA,True,False,106,3.5,mexican,tex-mex,seafood,1,1,0,Medium,3,Meridian,ID,83642,1030.0,2100.0,1
675,occj2QCv42jP9DLfwIWAoA,True,False,6,5.0,foodtrucks,mexican,,0,0,0,,3,Meridian,ID,83634,,,0
676,1U5ZqhfQZXPw0v_Fa29WBw,True,False,94,3.5,breakfast_brunch,cafes,coffee,1,1,0,Medium,3,Meridian,ID,83642,600.0,1700.0,0
677,zC7DnhEeznhdnLRplBam1w,True,False,2,3.5,desserts,foodstands,icecream,0,0,0,,3,Meridian,ID,83642,,,1
678,BxveKq0rKp52EWooIDK54w,True,False,107,2.0,diners,tradamerican,breakfast_brunch,1,1,0,Medium,3,Meridian,ID,83642,600.0,2300.0,0
679,vaDZQ6YrhHkWsJFFSD-TSQ,True,False,32,3.0,chinese,hotdogs,,1,1,0,Low,3,Meridian,ID,83642,1030.0,2130.0,0
680,assAkG17lbOvRfCUyiUmSw,True,False,23,1.5,burgers,hotdogs,,0,1,0,Low,3,Meridian,ID,83642,1030.0,2230.0,0
681,PWGcA2s9sf4iMb4dcLz6Hg,True,False,279,4.0,bbq,cocktailbars,,0,1,0,Medium,3,Meridian,ID,83642,1100.0,2100.0,0
682,7p2AcJ8wJ7TOgM0skPUTcQ,True,False,157,3.0,tradamerican,breweries,burgers,1,1,0,Medium,3,Meridian,ID,83642,1130.0,2100.0,0
683,SUMe4HABRMtLIGind-RieQ,True,False,78,2.5,tradamerican,breakfast_brunch,burgers,1,1,0,Low,3,Meridian,ID,83642,0.0,0.0,0
684,TnKMBcWo2LWitOhv4_7UNw,True,False,100,2.5,mexican,,,0,1,0,Medium,3,Meridian,ID,83642,1200.0,2000.0,0
685,H5Bii7DfpH28_G0v0IDbLQ,True,False,14,3.0,hotdogs,sandwiches,,1,1,0,Low,3,Meridian,ID,83642,,,1
686,uphS02F1l3Nfp0wD6l8E_A,True,False,24,2.0,burgers,hotdogs,,0,1,0,Low,3,Meridian,ID,83642,600.0,2300.0,0
687,mbiZ_pjxsNQp0bHG7BMp3Q,True,False,203,3.5,bars,steak,tradamerican,1,1,0,Medium,3,Meridian,ID,83642,1130.0,2100.0,0
688,1edFfBaJrIWB6-M_SylBlA,True,False,51,2.0,hotdogs,chicken_wings,,1,1,0,Low,3,Meridian,ID,83642,1100.0,2100.0,0
689,wrVeLS_HW250LIlYHoZa5A,True,False,9,2.0,burgers,hotdogs,,0,1,0,Low,3,Meridian,ID,83642,800.0,2200.0,0
690,gSYYoGq1uBkES8R7TlKlAw,False,False,6,1.0,mexican,,,0,1,0,,2,Meridian,ID,83642,,,0
691,JaAtyw8X9wHoAI9SCFfEAQ,False,False,5,5.0,tacos,foodtrucks,,0,1,0,,3,Meridian,ID,83642,,,0
692,Pg17EvnZa41DjIT5azvhYg,True,False,46,2.5,tradamerican,chicken_wings,,0,1,0,Medium,3,Meridian,ID,83642,1100.0,2300.0,0
693,PeNuFa2iFZYuY4Wnx8W52w,True,False,16,3.0,burgers,hotdogs,,0,0,0,Low,3,Meridian,ID,83642,1000.0,2200.0,0
694,61kYBWieW5ydEW9VP2CPYw,True,False,6,1.5,sandwiches,,,1,1,0,Low,3,Meridian,ID,83642,900.0,2100.0,0
695,nxNkV240LP-nQ3oC29FN3g,True,False,3,3.5,tacos,streetvendors,,1,1,0,,3,Meridian,ID,83642,1000.0,1800.0,0
696,ksE6VT9VcsZnBbDjnYcoJA,True,False,5,4.0,bars,karaoke,burgers,0,1,0,,3,Meridian,ID,83642,900.0,200.0,1
697,QrFPyg3K44I_KVVLC_gCZQ,False,False,38,3.0,burgers,hotdogs,,0,1,0,Low,3,Meridian,ID,83642,1000.0,2000.0,0
698,YV1oFVk92hrFJyD48kO5bQ,True,False,6,4.5,servicestations,convenience,hotdogs,0,0,0,Medium,3,Meridian,ID,83642,0.0,0.0,1
699,7gYQFuRgru5FAqCt8FHzvA,True,False,116,3.5,burgers,icecream,desserts,1,1,0,Low,3,Meridian,ID,83642,1030.0,2200.0,1
700,f3j5UEuftJUvj5y-vXNODA,False,False,5,4.0,sandwiches,delis,hotdog,1,1,0,,3,Meridian,ID,83642,600.0,2000.0,0
701,yUAzEP9snXjpymK52HDw1g,True,False,38,4.0,asianfusion,japanese,bubbletea,1,1,0,,3,Meridian,ID,83642,1100.0,2000.0,1
702,2quqM0ajKfTC_DV8sLAvxQ,True,False,42,3.5,hotdogs,delis,sandwiches,1,1,0,Medium,3,Meridian,ID,83642,1030.0,2000.0,1
703,CPcGUTdp2fSPTvcVuhnZ1Q,True,False,50,4.5,mexican,,,0,0,0,,3,Meridian,ID,83642,1100.0,2100.0,1
704,l4cRCrxue2n_JDXiuOoZCA,True,False,23,4.0,mexican,wine_bars,,1,1,0,,3,Meridian,ID,83646,1100.0,2200.0,1
705,49dVbKxmhJ08KGH--9getA,True,False,230,4.0,ramen,,,1,1,0,Medium,3,Meridian,ID,83642,1130.0,1400.0,0
706,fpwwgY_O_Evr6dB_2N0yag,True,False,5,3.5,foodtrucks,mexican,,0,1,0,,3,Meridian,ID,83642,1030.0,1900.0,1
707,ByTGgZOy9QLWwsPh5RKkfw,True,False,51,3.5,bagels,sandwiches,delis,1,1,0,Low,3,Meridian,ID,93642,630.0,1700.0,1
708,sYA8jpR7Op9IfjVDoI0DTw,True,False,82,2.5,sushi,japanese,,0,1,0,Low,3,Meridian,ID,83642,1100.0,1400.0,1
709,YSJZZ1_8uHIIV4w44RSllA,True,False,176,3.0,pizza,,,1,1,0,Medium,3,Meridian,ID,83642,1100.0,2200.0,0
710,QKUdYEpJkZOjtY7gBdcdgQ,True,False,15,3.0,sandwiches,hotdogs,delis,0,0,0,Low,3,Meridian,ID,83642,1100.0,2200.0,0
711,V04Lo3vCXibLuhXAINjUTQ,True,False,23,2.0,hotdogs,icecream,burgers,0,1,0,Low,3,Meridian,ID,83642,1030.0,2100.0,1
712,83xuDqpGbY0Oua455__ugw,True,False,16,2.5,burgers,hotdogs,,0,1,0,Low,3,Meridian,ID,83642,1000.0,2300.0,0
713,142wnlNBm9UPkaFt519K4w,True,False,28,2.0,mexican,,,0,1,0,Low,3,Meridian,ID,83642,800.0,2200.0,0
714,0A7a_1DwgrSffuMc1yqF1w,True,False,28,1.5,chicken_wings,hotdogs,chickenshop,1,1,0,Low,3,Meridian,ID,83642,1030.0,2100.0,0
715,slNkAsEdPwZS9xLUNblrEg,True,False,3,3.5,sandwiches,,,1,1,0,Low,3,Meridian,ID,83642,900.0,2100.0,0
716,2MLKRILHe9rv2Q8O1F8C-A,True,False,3,1.5,hotdogs,burgers,hotdog,0,1,0,Low,2,Meridian,ID,83642,1000.0,2200.0,1
717,LwVhbEy_SHse2G_P2JXMyg,True,False,142,4.0,hawaiian,,,1,1,0,,3,Meridian,ID,83642,1030.0,2200.0,0
718,Ojo9FRfQ5Ruuv35RK2D1AQ,True,False,261,4.0,mexican,,,0,1,0,Medium,3,Meridian,ID,83642,1100.0,2100.0,0
719,AFeVNAyxenAr5x-56ulL6A,True,False,358,3.5,asianfusion,chinese,sushi,0,1,0,Medium,3,Meridian,ID,83642,1100.0,2100.0,1
720,Zb3DtydT4U5bJBge7pvtfg,True,False,55,4.5,salad,pizza,italian,0,1,0,,3,Meridian,ID,83642,1100.0,2000.0,0
721,H8-B-Pb8HuI9-Hph1miD9w,True,False,52,3.5,chickenshop,southern,,1,1,0,Low,3,Meridian,ID,83642,1100.0,2100.0,1
722,RM2frvRtz5LgdBZEZexRkQ,True,False,151,4.0,indpak,,,1,1,0,Medium,3,Meridian,ID,83642,1700.0,2100.0,1
723,th8tmnNQMTA4RxjJCD26fw,True,False,17,4.0,greek,sandwiches,mediterranean,1,1,0,,3,Meridian,ID,83642,830.0,2100.0,1
724,17AnbEkqAiE66YFTDYFvgw,True,False,207,2.0,chicken_wings,tradamerican,sportsbars,1,1,0,Medium,3,Meridian,ID,83646,1100.0,2300.0,0
725,hfoqVCwnKDvw6D0I9F-vCw,False,False,132,2.5,mexican,,,0,1,0,Low,3,Meridian,ID,83642,0.0,0.0,0
726,U8SfK9sV7iwXc_HTLKUFGA,True,False,34,2.5,burgers,tradamerican,,1,1,0,,3,Meridian,ID,83642,,,0
727,YgkX66irnC9Zo94xINR2aA,True,False,27,2.5,mexican,,,1,1,0,Low,3,Meridian,ID,83642,0.0,0.0,0
728,P-1Z19YDcmwpwEazmhJOvw,True,False,26,1.5,hotdogs,burgers,coffee,0,1,0,Low,3,Meridian,ID,83642,0.0,0.0,0
729,IiZXfo4VNJkmvq048YlQDg,True,False,3,3.0,servicestations,convenience,hotdogs,0,0,0,Low,3,Boise,ID,83709,0.0,0.0,1
730,vXARE56y5m5z17o-pZVjVA,True,False,7,4.0,tradamerican,popuprestaurants,,0,0,0,,3,Meridian,ID,83642,1100.0,2100.0,1
731,bT0vijGEMIlDGP88KgZrJA,True,False,5,3.5,asianfusion,,,0,1,0,,3,Meridian,ID,83642,1100.0,2030.0,1
732,mDhW9uf6KNm9M_dwdxKdjg,True,False,9,3.5,seafood,,,0,1,0,,3,Meridian,ID,83642,1100.0,2030.0,1
733,JIzobcHktW55eQIqfKGR3A,True,False,5,3.0,burgers,tradamerican,,0,0,0,,3,Meridian,ID,83642,1100.0,2030.0,1
734,WlqTQGufa8rZN2E_nL_N0Q,True,False,2,3.0,thai,sushi,cocktailbars,0,1,0,,3,Meridian,ID,83642,1100.0,2030.0,0
735,9xPOVj54VVum7SLZx0zcZQ,True,False,7,3.5,sushi,,,0,1,0,,3,Meridian,ID,83642,1100.0,1300.0,1
736,KU0R-BEyhfjPNCsiIVfV9Q,False,False,1,3.0,italian,,,0,0,0,,3,Meridian,ID,83642,1100.0,2030.0,0
737,xj6SCFmUma0607cc6rBeQw,True,False,1,1.0,chicken_wings,fooddeliveryservices,,0,1,0,,3,Meridian,ID,83642,1100.0,2030.0,1
738,feQAy9bLSb2cmzqOGfuZhg,True,False,27,4.5,breakfast_brunch,tapasmallplates,desserts,0,0,0,Medium,3,Meridian,ID,83642,600.0,1400.0,1
739,rrlFichTnAsfJJhgop3nPQ,True,False,52,3.0,tradamerican,desserts,breakfast_brunch,1,1,0,Medium,3,Meridian,ID,83642,700.0,0.0,1
740,OWBaCrkOf6ezjf4OA_Q5vQ,True,False,59,3.5,salad,seafood,breakfast_brunch,0,1,0,Medium,3,Meridian,ID,83642,700.0,2100.0,1
741,Ro-ZV1n6JDkugoJLO97d6w,True,False,24,3.0,chinese,hotdogs,,1,1,0,Low,3,Meridian,ID,83642,1030.0,2130.0,0
742,X8k7N03buo2bBbUUfcAltQ,True,False,52,1.5,mexican,hotdogs,,0,1,0,Low,3,Meridian,ID,83642,700.0,2200.0,0
743,wY9y0cOAzNALZ7BELMwozQ,True,False,13,2.5,hotdogs,burgers,coffee,0,1,0,Low,3,Meridian,ID,83642,500.0,100.0,0
744,orROEP5uISZoo-u6hH2PRQ,True,False,1,1.0,convenience,servicestations,hotdogs,0,0,0,Low,3,Meridian,ID,83642,0.0,0.0,1
745,kAYmzczPH9P_K4zwrq-Sng,True,False,108,4.0,asianfusion,japanese,bubbletea,1,1,0,Low,3,Meridian,ID,83642,1030.0,2100.0,0
746,j93v-we-LGGr3b-K9DDG5Q,True,False,258,4.0,breakfast_brunch,,,0,0,0,Medium,3,Meridian,ID,83642,700.0,1400.0,0
747,0PN6PHCYD0UPFSmNI2NjNQ,True,False,127,2.0,tradamerican,sportsbars,,0,1,0,Medium,3,Meridian,ID,83642,1600.0,2300.0,0
748,yqJ89p_tNhW0NYMjJbQl6Q,True,False,33,2.0,hotdogs,burgers,icecream,0,0,0,Low,3,Meridian,ID,83642,700.0,2300.0,1
749,XnQT1LsGbjy9ryvrIM5k8Q,True,False,8,1.5,sandwiches,,,1,1,0,Low,3,Meridian,ID,83642,900.0,2100.0,0
750,TILFsoFAmR5fdYvTDkKpDg,True,False,22,3.5,sportsbars,burgers,chicken_wings,0,1,0,,3,Meridian,ID,83642,1100.0,2300.0,1
751,XPFXtX3jkFCHPW-xQFyG2w,True,False,48,1.5,mexican,hotdogs,,0,1,0,Low,3,Meridian,ID,83642,800.0,2200.0,0
752,Hbis5_8tmsuTQz8nVcXj9A,True,False,1,5.0,korean,catering,cookingclasses,0,0,0,,3,Meridian,ID,83642,1000.0,2030.0,1
753,hiFMkxfkGl_Y8PcJ7Tcebg,True,False,3,2.5,hotdogs,pretzels,desserts,0,1,0,Low,3,Meridian,ID,83642,1000.0,2000.0,0
754,Ys9paLTObAmjju3zqF11_Q,True,False,6,1.5,sandwiches,,,1,1,0,Low,3,Meridian,ID,83642,800.0,2100.0,0
755,qibDo7L7chTUKMMaMsXKzg,True,False,341,4.0,chinese,,,0,1,0,Medium,3,Meridian,ID,83642,1100.0,2100.0,0
756,Q9S3gagnvkr_uy9MD-DeUw,True,False,164,3.5,tradamerican,burgers,sportsbars,1,1,0,Medium,3,Meridian,ID,83642,1100.0,2200.0,0
757,t2vRcqKj0CifbKrCYeZx9A,True,False,34,2.0,burgers,hotdogs,,0,1,0,Low,3,Meridian,ID,83642,600.0,2359.0,0
758,PBUVZyRwpTw5XeRP2FRC4Q,True,False,11,2.0,pizza,chicken_wings,hotdogs,1,1,0,Low,3,Meridian,ID,83642,1000.0,2300.0,0
759,tj04-M7W7X73jT4ofvU1-g,True,False,275,3.5,newamerican,breakfast_brunch,burgers,0,1,0,Medium,3,Meridian,ID,83642,700.0,2200.0,0
760,582qelAj3_So_uj6yuTzKg,True,False,240,4.0,burgers,hotdogs,gluten_free,0,1,0,Medium,3,Meridian,ID,83642,1100.0,2000.0,0
761,MlIS1ZscCV-1XiILEjamRw,True,False,12,4.5,sushi,japanese,,0,0,0,,3,Meridian,ID,83642,1100.0,2100.0,1
762,BTPo7yWQ7xFOkoh7V9wDTA,True,False,105,3.5,pubs,sportsbars,tradamerican,0,1,0,Medium,3,Meridian,ID,83642,1100.0,2200.0,0
763,aN8-57MAemRhChOE_nxUDA,False,False,38,3.0,coffee,breakfast_brunch,cafes,1,1,0,Medium,3,Meridian,ID,83642,,,0
764,bzHZhs_AIRN1mE592f4Shg,False,False,2,1.0,tradamerican,,,0,0,0,,0,Meridian,ID,83642,,,0
765,iEikRs0aTF0tAriKsLB8PQ,True,False,215,4.0,salad,burgers,,0,1,0,Medium,3,Meridian,ID,83642,1130.0,2100.0,0
766,DU8PdyQtHBm2ldi9Sp4K4A,True,False,89,4.5,pizza,,,1,1,0,Low,3,Meridian,ID,83642,1100.0,2000.0,0
767,Hp1nkc3c3Q7_8oKXFn0vbw,True,False,788,4.5,breakfast_brunch,tradamerican,,0,1,0,Medium,3,Meridian,ID,83642,700.0,1400.0,0
768,K1oN8rTKOYQCmO5QBq8IZQ,True,False,100,4.0,burgers,icecream,sandwiches,0,1,0,Medium,3,Meridian,ID,83642,1100.0,2000.0,0
769,j7g3f-qTmg4zwWuqEiDqzg,True,False,99,4.5,soup,sandwiches,salad,0,1,0,Low,3,Meridian,ID,83642,1100.0,1430.0,1
770,7mpYEpANF7Yw5lBdqiz9hQ,True,False,316,4.5,delis,,,0,1,0,Medium,3,Meridian,ID,83642,1030.0,1800.0,0
771,BDMNPVaCErRN3xWoPagzCA,True,False,177,3.0,japanese,sushi,steak,1,1,0,Medium,3,Meridian,ID,83642,1100.0,2200.0,1
772,aGlavYAbUGt944AimuGfVA,True,False,91,3.0,chinese,,,0,1,0,Medium,3,Meridian,ID,83642,1100.0,2100.0,0
773,tz-NJS_fjCa_KSiXexyDyA,True,False,43,2.5,mexican,hotdogs,,0,0,0,Low,3,Meridian,ID,83642,1030.0,2000.0,0
774,a5EF1LyTIoe_mlhFdPmogA,True,False,45,2.5,sandwiches,mediterranean,hotdogs,1,1,0,Low,3,Meridian,ID,83642,1000.0,2000.0,0
775,JtE-xxZRBYyWKWaooUye9A,True,False,113,2.5,bbq,tradamerican,chicken_wings,1,1,0,Medium,3,Meridian,ID,83642,1100.0,2100.0,0
776,f7PrfxXKCQ7almopoZvZng,True,False,55,2.5,pizza,italian,sandwiches,0,1,0,Low,3,Meridian,ID,83642,1100.0,2100.0,1
777,pX5QGQinFBRGhzWEucyukQ,True,False,31,3.0,sandwiches,delis,hotdogs,0,0,0,Low,3,Meridian,ID,83642,1100.0,2100.0,0
778,Jcj9wXwRFS7B-YiaSAp4gA,True,False,16,2.5,burgers,hotdogs,tacos,0,1,0,Low,3,Meridian,ID,83642,600.0,200.0,0
779,bW7NaKBJQ1MPzwyPLODpdg,True,False,189,4.5,soup,sandwiches,tradamerican,1,1,0,Low,3,Meridian,ID,83642,730.0,1900.0,1
780,6Du6FWhHUnAAYoRQAkYwNA,True,False,14,3.0,pizza,,,0,1,0,Low,3,Meridian,ID,83642,1000.0,2100.0,1
781,NifsdrLXQI13EQ7po7Z7Bg,True,False,29,4.0,mexican,foodtrucks,,0,1,0,Low,3,Meridian,ID,83642,1100.0,1700.0,0
782,ftVH9Wh_7RkiqrC4o406Yg,False,False,7,5.0,streetvendors,bbq,mexican,0,0,0,,3,Meridian,ID,83642,,,0
783,8vZNr9K5tD4x2URAsZLuoA,True,False,78,4.0,pubs,pizza,,0,1,0,Medium,3,Boise,ID,83709,1100.0,2200.0,0
784,GWykf3nN8kiW-Nv3pIeKeg,True,False,12,4.0,tradamerican,beerbar,,0,0,0,Medium,3,Boise,ID,83709,1000.0,2100.0,0
785,T--lHaMo5ZM8R5v7mFqTeA,True,False,4,3.0,convenience,servicestations,hotdogs,0,0,0,,3,Boise,ID,83709,0.0,0.0,1
